{
  "type": "FeatureCollection",
  "features": [
    {
      "type": "Feature",
      "geometry": {
        "type": "MultiPolygon",
        "coordinates": [
          [
            [
              [
                2.069923601347353,
                41.46880135317369
              ],
              [
                2.069293183484829,
                41.468754814544795
              ],
              [
                2.067706339431401,
                41.46875400648319
              ],
              [
                2.065534638642136,
                41.46878071224352
              ],
              [
                2.064824281127902,
                41.46882641348327
              ],
              [
                2.064687694039673,
                41.46883520037751
              ],
              [
                2.064640943205717,
                41.46883849802457
              ],
              [
                2.064518062306882,
                41.46818297462088
              ],
              [
                2.063992662566534,
                41.46647605313129
              ],
              [
                2.063777802406093,
                41.46577798847302
              ],
              [
                2.063824114818024,
                41.46530110402729
              ],
              [
                2.063921932800891,
                41.464293835225654
              ],
              [
                2.064919523102794,
                41.46242098827318
              ],
              [
                2.065514573890431,
                41.461145855272676
              ],
              [
                2.065287992546447,
                41.46087104819831
              ],
              [
                2.065480585356158,
                41.46057051772236
              ],
              [
                2.065392405170481,
                41.46053894060945
              ],
              [
                2.065191032862681,
                41.4604668293022
              ],
              [
                2.064898621033315,
                41.46057835249522
              ],
              [
                2.064816632015763,
                41.46060944642366
              ],
              [
                2.064502739619946,
                41.460730320683666
              ],
              [
                2.064185437523392,
                41.46085693749635
              ],
              [
                2.06417828738752,
                41.460554519676464
              ],
              [
                2.064052343479127,
                41.46056298945509
              ],
              [
                2.063949329300909,
                41.46057314979569
              ],
              [
                2.06380358672534,
                41.460636997793905
              ],
              [
                2.063654125410091,
                41.46069296992881
              ],
              [
                2.063463950626316,
                41.460773209770515
              ],
              [
                2.063448941256135,
                41.460757802128185
              ],
              [
                2.063251485914873,
                41.460851358335496
              ],
              [
                2.063030778889794,
                41.46094807567838
              ],
              [
                2.062934094966611,
                41.46100108570775
              ],
              [
                2.063175522213953,
                41.46125351401789
              ],
              [
                2.063166905354669,
                41.46128983369196
              ],
              [
                2.062928894451301,
                41.46140709248295
              ],
              [
                2.06269308981646,
                41.4611676014406
              ],
              [
                2.062323474102861,
                41.461399701633475
              ],
              [
                2.062545850062646,
                41.46159902670066
              ],
              [
                2.062181355303479,
                41.46179699199031
              ],
              [
                2.062219445869629,
                41.461905996478116
              ],
              [
                2.061879335832907,
                41.46201788895323
              ],
              [
                2.06185886170051,
                41.461956246744215
              ],
              [
                2.061632368638177,
                41.46202613528516
              ],
              [
                2.061422918614462,
                41.462091577594975
              ],
              [
                2.061245027198244,
                41.46214158605733
              ],
              [
                2.061331208911488,
                41.462295909678
              ],
              [
                2.061180765853458,
                41.46234315142352
              ],
              [
                2.060842842650142,
                41.46244925790216
              ],
              [
                2.060678493434767,
                41.46250143832191
              ],
              [
                2.060690127884526,
                41.462521953323815
              ],
              [
                2.060861762889327,
                41.46282456042119
              ],
              [
                2.060885461854132,
                41.46286634347125
              ],
              [
                2.059850975538243,
                41.463178477488924
              ],
              [
                2.059289934971371,
                41.4633477990282
              ],
              [
                2.059236347447128,
                41.46330813395391
              ],
              [
                2.059216138717391,
                41.46327054314846
              ],
              [
                2.059200434330102,
                41.463231160658545
              ],
              [
                2.059185591799716,
                41.463173563294525
              ],
              [
                2.059179173857061,
                41.463115098020765
              ],
              [
                2.059181477601439,
                41.46305757774905
              ],
              [
                2.059189587736962,
                41.46292636156741
              ],
              [
                2.059199299303997,
                41.4627493514714
              ],
              [
                2.059207056432628,
                41.46260790389624
              ],
              [
                2.059087981789824,
                41.462604409627936
              ],
              [
                2.058834164686895,
                41.4626566035099
              ],
              [
                2.058609649598768,
                41.46270274980431
              ],
              [
                2.058608429854935,
                41.46278713892083
              ],
              [
                2.058538989423082,
                41.462786390830054
              ],
              [
                2.058567473146743,
                41.462820581598244
              ],
              [
                2.058560234704088,
                41.462824305492255
              ],
              [
                2.058581884796752,
                41.46285078409684
              ],
              [
                2.058606191086777,
                41.462875753167594
              ],
              [
                2.058318779831157,
                41.46293555307011
              ],
              [
                2.058070674682591,
                41.46298495513628
              ],
              [
                2.058019997642473,
                41.46299498897578
              ],
              [
                2.05786582090975,
                41.46302606360924
              ],
              [
                2.057747806091292,
                41.463049732760304
              ],
              [
                2.057707481293611,
                41.46305600956076
              ],
              [
                2.057638706200988,
                41.463062224567906
              ],
              [
                2.057569469835962,
                41.46306390504899
              ],
              [
                2.057500299219762,
                41.46306104180685
              ],
              [
                2.057459067789154,
                41.46305715077943
              ],
              [
                2.057438181170212,
                41.46305448020044
              ],
              [
                2.057463189715216,
                41.46314467089275
              ],
              [
                2.057488198327305,
                41.463234861579224
              ],
              [
                2.057429437629095,
                41.46330782202569
              ],
              [
                2.057438682326942,
                41.46340658116878
              ],
              [
                2.05738187903872,
                41.46340807644302
              ],
              [
                2.057263478084835,
                41.463412862478975
              ],
              [
                2.057081358368504,
                41.46377986856574
              ],
              [
                2.057029606577687,
                41.4638597593418
              ],
              [
                2.057113315281641,
                41.463890320279475
              ],
              [
                2.057074372754088,
                41.46396153781573
              ],
              [
                2.057034081563365,
                41.46404642860276
              ],
              [
                2.056995299870369,
                41.464122311129174
              ],
              [
                2.05696460711333,
                41.46417619397107
              ],
              [
                2.056930305259312,
                41.46424859341086
              ],
              [
                2.056892181680832,
                41.464320285973145
              ],
              [
                2.056871357961176,
                41.4643649270211
              ],
              [
                2.056838051636212,
                41.464428930710866
              ],
              [
                2.056550430553711,
                41.46434226459363
              ],
              [
                2.056529913812264,
                41.46434914850255
              ],
              [
                2.056419902779445,
                41.464315841592075
              ],
              [
                2.056231450766103,
                41.46468763136879
              ],
              [
                2.056059155312129,
                41.46463499362621
              ],
              [
                2.055802798238489,
                41.464562507421654
              ],
              [
                2.055564291932773,
                41.46449195057388
              ],
              [
                2.055569420277009,
                41.46448263899851
              ],
              [
                2.055386115402365,
                41.464427932297156
              ],
              [
                2.055321330342898,
                41.46440629865622
              ],
              [
                2.055329797437887,
                41.464390009365985
              ],
              [
                2.055404405017548,
                41.464250952455
              ],
              [
                2.055415667197049,
                41.4642298955713
              ],
              [
                2.055363247326998,
                41.46421386461709
              ],
              [
                2.055374714796574,
                41.46419434067506
              ],
              [
                2.055288229507401,
                41.46416741943369
              ],
              [
                2.055079286787,
                41.46410468735837
              ],
              [
                2.054968210797229,
                41.46407196794151
              ],
              [
                2.05487187892227,
                41.464260218223544
              ],
              [
                2.054846200359028,
                41.46425313474805
              ],
              [
                2.054522639810442,
                41.46418015689474
              ],
              [
                2.054491819972294,
                41.464235227000245
              ],
              [
                2.054173482610287,
                41.46414563644323
              ],
              [
                2.053911280920897,
                41.46428864436455
              ],
              [
                2.05393941324403,
                41.464295793253406
              ],
              [
                2.053785397993876,
                41.46440854255345
              ],
              [
                2.053723814344217,
                41.46445126265225
              ],
              [
                2.053588321942096,
                41.46451547912861
              ],
              [
                2.053570387287543,
                41.46455783339585
              ],
              [
                2.05352295619265,
                41.464544835751475
              ],
              [
                2.052952024539719,
                41.464914000873385
              ],
              [
                2.052961361485992,
                41.4646218966654
              ],
              [
                2.052714678511261,
                41.46460573420003
              ],
              [
                2.052509140782462,
                41.46459456137586
              ],
              [
                2.052342367512523,
                41.46458393753427
              ],
              [
                2.052303777000722,
                41.4645814784825
              ],
              [
                2.052300944390657,
                41.46460581479982
              ],
              [
                2.052280274962586,
                41.46479799996012
              ],
              [
                2.051978742521865,
                41.46477902090759
              ],
              [
                2.051842190950727,
                41.46477023988747
              ],
              [
                2.051848747619271,
                41.46469823494946
              ],
              [
                2.051645871402286,
                41.46468760126647
              ],
              [
                2.051637159579658,
                41.46468144951422
              ],
              [
                2.051644289579186,
                41.4645700871099
              ],
              [
                2.051362116956117,
                41.464551269402975
              ],
              [
                2.051144233418736,
                41.464536773092405
              ],
              [
                2.051130723484968,
                41.46464214701477
              ],
              [
                2.051043663384892,
                41.46463585372865
              ],
              [
                2.050956441557013,
                41.46462673621824
              ],
              [
                2.050777277445347,
                41.46461652569346
              ],
              [
                2.050784502433987,
                41.46456223433528
              ],
              [
                2.050259498489433,
                41.464525161830394
              ],
              [
                2.050182133830552,
                41.464467434751576
              ],
              [
                2.050128065198479,
                41.46446353874883
              ],
              [
                2.05002012729591,
                41.464456036548164
              ],
              [
                2.049775278340711,
                41.46443901820957
              ],
              [
                2.0497685787389,
                41.4644886565521
              ],
              [
                2.049756348772159,
                41.46457919673283
              ],
              [
                2.049531646896149,
                41.4645666857506
              ],
              [
                2.04943712394965,
                41.46456141050791
              ],
              [
                2.049304731776228,
                41.4645540389534
              ],
              [
                2.049265594687619,
                41.46455184216086
              ],
              [
                2.049137796988923,
                41.46454473354811
              ],
              [
                2.049082537505005,
                41.46454284486655
              ],
              [
                2.049083032326117,
                41.46453930005161
              ],
              [
                2.048944689976119,
                41.464536769926404
              ],
              [
                2.048794689001682,
                41.46453227876391
              ],
              [
                2.048799704176545,
                41.464488976754815
              ],
              [
                2.048422375846439,
                41.46445829538515
              ],
              [
                2.048380140425562,
                41.46445421632636
              ],
              [
                2.048337905010253,
                41.46445013725211
              ],
              [
                2.048324996055904,
                41.46452152366454
              ],
              [
                2.048316700415121,
                41.464567221510656
              ],
              [
                2.048293093400405,
                41.464697849328616
              ],
              [
                2.047952996765156,
                41.464620248628
              ],
              [
                2.047896656748306,
                41.46473650007611
              ],
              [
                2.047836324029121,
                41.464861180810516
              ],
              [
                2.047595705856566,
                41.464797269026135
              ],
              [
                2.047566033174731,
                41.464858633889236
              ],
              [
                2.047507600272549,
                41.464979551652775
              ],
              [
                2.047403798793993,
                41.46519433799435
              ],
              [
                2.047286540955622,
                41.46516082388626
              ],
              [
                2.04720504169912,
                41.46513782902719
              ],
              [
                2.047004980004655,
                41.46508089007267
              ],
              [
                2.046640772919529,
                41.46497785173255
              ],
              [
                2.046525069046842,
                41.465038638830904
              ],
              [
                2.046408013915397,
                41.46532172541718
              ],
              [
                2.046207546341217,
                41.46526838916512
              ],
              [
                2.046098141570496,
                41.46550676391067
              ],
              [
                2.045848015081692,
                41.46543518751713
              ],
              [
                2.045627936714155,
                41.46548249373659
              ],
              [
                2.045518341276226,
                41.46561549099085
              ],
              [
                2.045473198380916,
                41.465669822545316
              ],
              [
                2.045409631150428,
                41.46574811279458
              ],
              [
                2.045345245389484,
                41.46582386169656
              ],
              [
                2.045105888054918,
                41.465704520268936
              ],
              [
                2.045002627246519,
                41.465833635677896
              ],
              [
                2.044754671969488,
                41.46576443723799
              ],
              [
                2.044641165033939,
                41.46582544782726
              ],
              [
                2.044532793667186,
                41.46601388307928
              ],
              [
                2.04439901146593,
                41.465973770580625
              ],
              [
                2.044268969338813,
                41.466258971915536
              ],
              [
                2.043829092276581,
                41.46613499825179
              ],
              [
                2.0436335615545,
                41.46617682529809
              ],
              [
                2.043535807538639,
                41.46638489378716
              ],
              [
                2.04327405021352,
                41.46631286625143
              ],
              [
                2.043262953112594,
                41.46630981357168
              ],
              [
                2.043223532485051,
                41.4663867120457
              ],
              [
                2.04321649971779,
                41.46638450082615
              ],
              [
                2.04318896756753,
                41.46644247754166
              ],
              [
                2.043129404857024,
                41.46656791433677
              ],
              [
                2.043026200005903,
                41.46653888211343
              ],
              [
                2.042984222388633,
                41.46662230975246
              ],
              [
                2.042921491713747,
                41.4666948897996
              ],
              [
                2.042896209463337,
                41.466724161726795
              ],
              [
                2.042870927190021,
                41.46675343364829
              ],
              [
                2.042840098754866,
                41.46678959405552
              ],
              [
                2.042586946966115,
                41.46666330363187
              ],
              [
                2.042523008821673,
                41.46673595707421
              ],
              [
                2.042355069532087,
                41.46692330921271
              ],
              [
                2.04233995210813,
                41.46694481011052
              ],
              [
                2.04229465617844,
                41.46692160857676
              ],
              [
                2.042155241935026,
                41.46684467397722
              ],
              [
                2.042121673331803,
                41.46688106817514
              ],
              [
                2.04199261325248,
                41.467037658919445
              ],
              [
                2.041914697926151,
                41.4671324253713
              ],
              [
                2.041750021473994,
                41.46705595546099
              ],
              [
                2.041686951719463,
                41.46713180846228
              ],
              [
                2.041467619502809,
                41.46725678775964
              ],
              [
                2.041298526373577,
                41.46735383893292
              ],
              [
                2.041214117028083,
                41.467270628643355
              ],
              [
                2.041119848831639,
                41.46732333112823
              ],
              [
                2.04090856457298,
                41.46744560324616
              ],
              [
                2.04102824449194,
                41.46755889178335
              ],
              [
                2.040887153875459,
                41.46764774122935
              ],
              [
                2.040763814326243,
                41.46755159870081
              ],
              [
                2.040648880715419,
                41.4674463039127
              ],
              [
                2.040604813213858,
                41.46738727557158
              ],
              [
                2.040598206355456,
                41.467377384849485
              ],
              [
                2.040580623640793,
                41.46735155913954
              ],
              [
                2.040565521786306,
                41.46732103495083
              ],
              [
                2.04052487775234,
                41.4673370846819
              ],
              [
                2.040512865199311,
                41.46730829028894
              ],
              [
                2.040454057050483,
                41.467167325292586
              ],
              [
                2.040413519196599,
                41.46691334597816
              ],
              [
                2.040230091565823,
                41.46664792710551
              ],
              [
                2.040116169028163,
                41.46654971005037
              ],
              [
                2.039994144489427,
                41.46647942720196
              ],
              [
                2.03989611848563,
                41.466434886742334
              ],
              [
                2.039676763530542,
                41.46628975114049
              ],
              [
                2.039391509534793,
                41.46600042299334
              ],
              [
                2.039261267483768,
                41.46590802241933
              ],
              [
                2.03913279507616,
                41.46587032604948
              ],
              [
                2.038988270858508,
                41.46584806069649
              ],
              [
                2.038794426702615,
                41.46578601255523
              ],
              [
                2.038640287641332,
                41.46575542608255
              ],
              [
                2.03847596589077,
                41.46575496910119
              ],
              [
                2.038334498629297,
                41.46577301481118
              ],
              [
                2.038185336591398,
                41.46581754841278
              ],
              [
                2.038076703757234,
                41.46583769937045
              ],
              [
                2.037889189304824,
                41.46584162571567
              ],
              [
                2.037712452870033,
                41.46585754464765
              ],
              [
                2.037511180168666,
                41.46587567325954
              ],
              [
                2.037354679731447,
                41.46585089058349
              ],
              [
                2.037258218566303,
                41.46578873867627
              ],
              [
                2.037173361150017,
                41.46568273501375
              ],
              [
                2.037051977646462,
                41.46557734131087
              ],
              [
                2.036915678037988,
                41.46549288144528
              ],
              [
                2.036827832242421,
                41.46542439207055
              ],
              [
                2.036738405545755,
                41.46529820667313
              ],
              [
                2.036668601538547,
                41.46516211384925
              ],
              [
                2.036643112170539,
                41.46507491862542
              ],
              [
                2.036585423441273,
                41.465024993439485
              ],
              [
                2.036493588762316,
                41.464979360390515
              ],
              [
                2.036390624379149,
                41.46494553687823
              ],
              [
                2.036339655781277,
                41.464928793788864
              ],
              [
                2.036272472583768,
                41.464950956863554
              ],
              [
                2.036140648328675,
                41.46497548981098
              ],
              [
                2.035982179519051,
                41.46500498117653
              ],
              [
                2.035910798779108,
                41.46501025811307
              ],
              [
                2.035844422902439,
                41.46500505479789
              ],
              [
                2.035747368025307,
                41.46498318299621
              ],
              [
                2.035654235150555,
                41.46492392525659
              ],
              [
                2.035589516397164,
                41.46487473543527
              ],
              [
                2.035530211751877,
                41.464808345274726
              ],
              [
                2.035489152710131,
                41.46474754182423
              ],
              [
                2.035283442977223,
                41.46448683851198
              ],
              [
                2.035241938903424,
                41.464436450514064
              ],
              [
                2.035191159136628,
                41.4644035259734
              ],
              [
                2.035147640791038,
                41.46438143129156
              ],
              [
                2.035084653657094,
                41.4643623468184
              ],
              [
                2.034964204353246,
                41.46435859021312
              ],
              [
                2.034793665221859,
                41.464367231839695
              ],
              [
                2.034692309115743,
                41.46438927182646
              ],
              [
                2.03461353447584,
                41.4644481250778
              ],
              [
                2.034534759693457,
                41.46450697827304
              ],
              [
                2.034331178031431,
                41.46460964873031
              ],
              [
                2.034257162497727,
                41.464675866451955
              ],
              [
                2.034139877888617,
                41.46482294241406
              ],
              [
                2.034058927022788,
                41.4649104275049
              ],
              [
                2.033982697613712,
                41.464972778446906
              ],
              [
                2.033903636544089,
                41.46499867655158
              ],
              [
                2.032136469362585,
                41.46550872368704
              ],
              [
                2.032080910320826,
                41.465552015044956
              ],
              [
                2.032018158561137,
                41.46557397317295
              ],
              [
                2.031923066040244,
                41.465583093644
              ],
              [
                2.031733179961517,
                41.465640356417794
              ],
              [
                2.03155802229603,
                41.46571229246441
              ],
              [
                2.031482490430609,
                41.46576588748818
              ],
              [
                2.031331901278134,
                41.46581692121402
              ],
              [
                2.030911088444606,
                41.46590591327082
              ],
              [
                2.03069220731202,
                41.46593316951711
              ],
              [
                2.030526250964883,
                41.4659479748446
              ],
              [
                2.030373417169111,
                41.465945241855685
              ],
              [
                2.030127849557544,
                41.46593155748305
              ],
              [
                2.0299552449786,
                41.465935910635025
              ],
              [
                2.029559958139589,
                41.46595774525949
              ],
              [
                2.029151768626715,
                41.46602060758239
              ],
              [
                2.028901071692188,
                41.46604529037806
              ],
              [
                2.028863607487354,
                41.466055045165604
              ],
              [
                2.028843911495059,
                41.46608141119956
              ],
              [
                2.028633125342185,
                41.46621562951524
              ],
              [
                2.028294595188052,
                41.46640099975164
              ],
              [
                2.028102847350548,
                41.46645846438816
              ],
              [
                2.028012388730653,
                41.4664838125529
              ],
              [
                2.027986797859543,
                41.46650103449092
              ],
              [
                2.027871018180265,
                41.46666551050227
              ],
              [
                2.027894482346924,
                41.466663749986324
              ],
              [
                2.028065676839693,
                41.46666699817037
              ],
              [
                2.028504675749796,
                41.46677969572824
              ],
              [
                2.028849690993945,
                41.466931230446825
              ],
              [
                2.029140492243857,
                41.46718499026628
              ],
              [
                2.029253868809341,
                41.46737149846757
              ],
              [
                2.029417276602086,
                41.46741521197387
              ],
              [
                2.029521933018978,
                41.467463833964636
              ],
              [
                2.02955276909922,
                41.46748391029112
              ],
              [
                2.029604929517336,
                41.467519479000835
              ],
              [
                2.029623926257927,
                41.467530448079906
              ],
              [
                2.02967632847816,
                41.467549805578415
              ],
              [
                2.029698957634982,
                41.467558103084926
              ],
              [
                2.029719165201165,
                41.46756818162816
              ],
              [
                2.029804731300703,
                41.46761213864929
              ],
              [
                2.029834276178757,
                41.46763850914959
              ],
              [
                2.029925319127038,
                41.46771674018154
              ],
              [
                2.030035533701182,
                41.467794232080124
              ],
              [
                2.030074724869669,
                41.467816180192095
              ],
              [
                2.030283865672164,
                41.46792513097656
              ],
              [
                2.030324200699162,
                41.467950691584306
              ],
              [
                2.030362033643806,
                41.4679834369598
              ],
              [
                2.030383318046774,
                41.46800163107298
              ],
              [
                2.030421218146288,
                41.468029873323424
              ],
              [
                2.030467473094253,
                41.46805998745438
              ],
              [
                2.030559000414893,
                41.468105795629775
              ],
              [
                2.030772878837025,
                41.46821838839112
              ],
              [
                2.030852419356089,
                41.46826499605991
              ],
              [
                2.030960563082089,
                41.46832085199793
              ],
              [
                2.030999728059885,
                41.46834460104217
              ],
              [
                2.03104356190971,
                41.46837649601295
              ],
              [
                2.031103528937358,
                41.46845086137919
              ],
              [
                2.031127235293262,
                41.46846727428703
              ],
              [
                2.031187939980119,
                41.468492105436965
              ],
              [
                2.03123562093847,
                41.46850691878653
              ],
              [
                2.031270130653581,
                41.468521621186845
              ],
              [
                2.031311569978818,
                41.46855349588801
              ],
              [
                2.031355484561268,
                41.46857998701376
              ],
              [
                2.031441200565138,
                41.46861403600099
              ],
              [
                2.031505430658764,
                41.468643400340945
              ],
              [
                2.031549546438646,
                41.46865638207265
              ],
              [
                2.031619951217984,
                41.46867318805803
              ],
              [
                2.031672341561107,
                41.46869344528112
              ],
              [
                2.031730584881151,
                41.4687227590944
              ],
              [
                2.03178742985345,
                41.46876557212132
              ],
              [
                2.031834655554969,
                41.46881100635517
              ],
              [
                2.031873780950901,
                41.46883745697088
              ],
              [
                2.031925836539219,
                41.46888022961699
              ],
              [
                2.031978701049485,
                41.4689491303402
              ],
              [
                2.032025766248365,
                41.46900537195477
              ],
              [
                2.032074122703148,
                41.46905531927633
              ],
              [
                2.03210487995086,
                41.469080798658695
              ],
              [
                2.032111970567322,
                41.46908716346505
              ],
              [
                2.03212016481095,
                41.46909984269729
              ],
              [
                2.03213639255684,
                41.46913600861787
              ],
              [
                2.032142232199535,
                41.46914596583274
              ],
              [
                2.032162132542843,
                41.46917675824762
              ],
              [
                2.032176246832132,
                41.469193990960534
              ],
              [
                2.032191585319965,
                41.4692094325038
              ],
              [
                2.032235085472375,
                41.469263842565724
              ],
              [
                2.032257487853996,
                41.46928745014185
              ],
              [
                2.032279876857789,
                41.46931195833518
              ],
              [
                2.032300988112905,
                41.46934186017926
              ],
              [
                2.032322152961023,
                41.469368159533495
              ],
              [
                2.032337531703842,
                41.469380899193055
              ],
              [
                2.032352937238735,
                41.46939183760769
              ],
              [
                2.032367225731487,
                41.46939736221795
              ],
              [
                2.032387528033591,
                41.46940113594923
              ],
              [
                2.032399435114919,
                41.46940573978762
              ],
              [
                2.032415957717778,
                41.46942209199606
              ],
              [
                2.032455919547582,
                41.469472869271314
              ],
              [
                2.032494670641518,
                41.46952453708238
              ],
              [
                2.032557115532977,
                41.46959351812039
              ],
              [
                2.032614797698295,
                41.46966065759883
              ],
              [
                2.032684681692411,
                41.469712587184276
              ],
              [
                2.032703706371794,
                41.46972175451995
              ],
              [
                2.032732310340694,
                41.46973100240987
              ],
              [
                2.032778862091066,
                41.469741301952865
              ],
              [
                2.032910336335616,
                41.469758620671215
              ],
              [
                2.032936665994586,
                41.46975974278078
              ],
              [
                2.033014430798324,
                41.46976490024979
              ],
              [
                2.033059932425916,
                41.46976528277494
              ],
              [
                2.033076722950048,
                41.46976362245754
              ],
              [
                2.033093513473371,
                41.46976196213758
              ],
              [
                2.03310913335017,
                41.46975849050607
              ],
              [
                2.033187473579281,
                41.46972492112675
              ],
              [
                2.033262074311823,
                41.46970122833944
              ],
              [
                2.033278891575521,
                41.46969776674876
              ],
              [
                2.033306485527868,
                41.46969439572881
              ],
              [
                2.033336380640539,
                41.46969734918095
              ],
              [
                2.033363827418975,
                41.46970388498619
              ],
              [
                2.033384049604087,
                41.46971306227339
              ],
              [
                2.033404258416313,
                41.46972314017873
              ],
              [
                2.033458871079052,
                41.46975512480735
              ],
              [
                2.033512380024038,
                41.46978079499675
              ],
              [
                2.033544522866272,
                41.46979367535763
              ],
              [
                2.033639660429356,
                41.469838610679254
              ],
              [
                2.033682499794353,
                41.469856985274
              ],
              [
                2.033707471602525,
                41.469868904609385
              ],
              [
                2.033725245563886,
                41.469881664205566
              ],
              [
                2.033741634881651,
                41.469907022445085
              ],
              [
                2.033749682431827,
                41.469929608403724
              ],
              [
                2.033761268737087,
                41.469955827025885
              ],
              [
                2.033780066291658,
                41.46998030475606
              ],
              [
                2.033785852766874,
                41.46999386437656
              ],
              [
                2.03378977315645,
                41.470052445027804
              ],
              [
                2.033798416356797,
                41.470115569021615
              ],
              [
                2.033809708502551,
                41.470161601317756
              ],
              [
                2.033811675397541,
                41.47019044133136
              ],
              [
                2.03380269166147,
                41.47023089890128
              ],
              [
                2.033806123441993,
                41.470241736538
              ],
              [
                2.033812030304049,
                41.47024719056122
              ],
              [
                2.033817937167094,
                41.47025264458404
              ],
              [
                2.033816432163377,
                41.47027334882603
              ],
              [
                2.033811495374,
                41.4702832154316
              ],
              [
                2.033799240321287,
                41.47030202790281
              ],
              [
                2.033782101958618,
                41.47032710448968
              ],
              [
                2.033743115747698,
                41.47037181368772
              ],
              [
                2.033729582988479,
                41.47039601982202
              ],
              [
                2.033711340773144,
                41.47041478198602
              ],
              [
                2.033676174111823,
                41.4704442107695
              ],
              [
                2.033659102540871,
                41.47046478422804
              ],
              [
                2.033655389888241,
                41.470472859642804
              ],
              [
                2.03365284790821,
                41.47048274636099
              ],
              [
                2.033654801365082,
                41.470512486996824
              ],
              [
                2.033662514569713,
                41.47055758850156
              ],
              [
                2.033671411835988,
                41.47060360068716
              ],
              [
                2.033678221890104,
                41.47062887845383
              ],
              [
                2.033700117011914,
                41.47068670937727
              ],
              [
                2.033723477095177,
                41.47072653792285
              ],
              [
                2.033753968289095,
                41.470770029305626
              ],
              [
                2.033812328584889,
                41.47087230249832
              ],
              [
                2.033858092326196,
                41.47093573829136
              ],
              [
                2.033881305494411,
                41.47098547364338
              ],
              [
                2.033883620126864,
                41.470990897489145
              ],
              [
                2.033901314191433,
                41.47100906078924
              ],
              [
                2.03391795792459,
                41.471017307190856
              ],
              [
                2.033934534802431,
                41.47103005669848
              ],
              [
                2.033948596471069,
                41.47105089168448
              ],
              [
                2.033953279238724,
                41.47105813688655
              ],
              [
                2.03396490593326,
                41.47108165362121
              ],
              [
                2.034002421619184,
                41.47113601274121
              ],
              [
                2.034034284443065,
                41.47116780602564
              ],
              [
                2.034052032078749,
                41.47118236681633
              ],
              [
                2.034072187968382,
                41.471196047094615
              ],
              [
                2.034110238591871,
                41.47121438131267
              ],
              [
                2.034134000188648,
                41.47122719112533
              ],
              [
                2.034149379723327,
                41.471239930547135
              ],
              [
                2.034165782908424,
                41.47126438810416
              ],
              [
                2.034178246201424,
                41.47131223165818
              ],
              [
                2.034181624623774,
                41.47132667176992
              ],
              [
                2.034193278184387,
                41.47134838723829
              ],
              [
                2.034202657185495,
                41.471361977001095
              ],
              [
                2.034214538018675,
                41.47136838189876
              ],
              [
                2.034227643031508,
                41.47137299560611
              ],
              [
                2.034285053376593,
                41.471377981310354
              ],
              [
                2.034297014423289,
                41.47137898246924
              ],
              [
                2.034324515475499,
                41.47138191556516
              ],
              [
                2.034356766197703,
                41.47138759073197
              ],
              [
                2.034397385651878,
                41.471394236880116
              ],
              [
                2.034452214037745,
                41.4714118111003
              ],
              [
                2.034541701464926,
                41.4714341798913
              ],
              [
                2.034576200122819,
                41.47144978193873
              ],
              [
                2.034609474628741,
                41.471467175168996
              ],
              [
                2.034663982446177,
                41.47150636421235
              ],
              [
                2.034717453220481,
                41.47153473571923
              ],
              [
                2.03476979339972,
                41.47155859404388
              ],
              [
                2.034833961113953,
                41.47159245966675
              ],
              [
                2.034906417507273,
                41.47163269993909
              ],
              [
                2.034943177669804,
                41.471657328191064
              ],
              [
                2.034981148665155,
                41.47168106585624
              ],
              [
                2.035048855527512,
                41.47171856398805
              ],
              [
                2.035108220395935,
                41.47175328989848
              ],
              [
                2.03513074487202,
                41.47176879132841
              ],
              [
                2.035160253724258,
                41.47179786235105
              ],
              [
                2.035192130792915,
                41.47182875469879
              ],
              [
                2.035230142042616,
                41.47184979041747
              ],
              [
                2.035243207163448,
                41.47185710587622
              ],
              [
                2.03527750591009,
                41.47188621704472
              ],
              [
                2.035308198979192,
                41.471916198695354
              ],
              [
                2.035336443760321,
                41.47194976273986
              ],
              [
                2.035372803691573,
                41.47200140951381
              ],
              [
                2.035407979577797,
                41.47205214561224
              ],
              [
                2.035433802855638,
                41.472087490792546
              ],
              [
                2.035459679566542,
                41.47211923347944
              ],
              [
                2.035487911161741,
                41.4721536981091
              ],
              [
                2.035526706290383,
                41.4722026630523
              ],
              [
                2.035573776883916,
                41.47225890324182
              ],
              [
                2.035622151810602,
                41.47230794847729
              ],
              [
                2.035646831240295,
                41.47233968108275
              ],
              [
                2.035657354751296,
                41.4723568832569
              ],
              [
                2.035665229724201,
                41.47239117716736
              ],
              [
                2.035677854504321,
                41.47242821310085
              ],
              [
                2.035689455364381,
                41.47245353090876
              ],
              [
                2.035702253695434,
                41.4724788587548
              ],
              [
                2.035730191922053,
                41.47253313700803
              ],
              [
                2.035740448532926,
                41.472568351612686
              ],
              [
                2.035763730442798,
                41.472613583483124
              ],
              [
                2.035785948389557,
                41.472649799091215
              ],
              [
                2.035803363150007,
                41.47268687516431
              ],
              [
                2.035813713250128,
                41.47271578540883
              ],
              [
                2.035816758436844,
                41.4727527410213
              ],
              [
                2.035816117796083,
                41.47279597087236
              ],
              [
                2.035806084259487,
                41.47282651171121
              ],
              [
                2.035792511694042,
                41.47285341994616
              ],
              [
                2.035770596872498,
                41.472877556043954
              ],
              [
                2.035728084782479,
                41.472917732668414
              ],
              [
                2.035679652028387,
                41.47295335596945
              ],
              [
                2.035645775767254,
                41.472976491023935
              ],
              [
                2.035634798286457,
                41.472989909991405
              ],
              [
                2.035608943852762,
                41.47303743210333
              ],
              [
                2.03560507109122,
                41.473056315039976
              ],
              [
                2.035610431020278,
                41.47309869446603
              ],
              [
                2.035613809846538,
                41.47311313453569
              ],
              [
                2.035634590111357,
                41.473165551322765
              ],
              [
                2.035663899577965,
                41.47320813154516
              ],
              [
                2.035702575317491,
                41.473265202024336
              ],
              [
                2.035750617379883,
                41.47333676275089
              ],
              [
                2.03580348950541,
                41.47340566174594
              ],
              [
                2.035850694656265,
                41.47345289560469
              ],
              [
                2.035887256006868,
                41.47349103288903
              ],
              [
                2.035937933616855,
                41.47354640242135
              ],
              [
                2.035968614417405,
                41.4735772845207
              ],
              [
                2.035995876277547,
                41.47359642841942
              ],
              [
                2.036014875870582,
                41.473607396462064
              ],
              [
                2.03606008666394,
                41.47362759150931
              ],
              [
                2.036086257835297,
                41.47363952037659
              ],
              [
                2.036219522148213,
                41.4736982840707
              ],
              [
                2.036286274461301,
                41.47371956026366
              ],
              [
                2.036351922711128,
                41.47373452203242
              ],
              [
                2.036424689212808,
                41.47375404706559
              ],
              [
                2.036475874330685,
                41.47377519273297
              ],
              [
                2.036491268260566,
                41.47378703122572
              ],
              [
                2.036867400107817,
                41.47418650424552
              ],
              [
                2.036963090635779,
                41.47427557738128
              ],
              [
                2.037022072261319,
                41.47433642036161
              ],
              [
                2.037082158185137,
                41.47440357769124
              ],
              [
                2.037599491573225,
                41.47505463423867
              ],
              [
                2.03760888258254,
                41.47506671917948
              ],
              [
                2.037609456188243,
                41.47506745733117
              ],
              [
                2.037733452847265,
                41.47497421609838
              ],
              [
                2.03838359522772,
                41.47481336358394
              ],
              [
                2.040004912887,
                41.47495087670453
              ],
              [
                2.04195006328209,
                41.476141605396165
              ],
              [
                2.04298398820222,
                41.47687237870015
              ],
              [
                2.043091465863327,
                41.47696800377347
              ],
              [
                2.044046443580329,
                41.47781765033065
              ],
              [
                2.044959221409282,
                41.47871451521644
              ],
              [
                2.046613967451137,
                41.480641084980135
              ],
              [
                2.047931765128385,
                41.48273046369909
              ],
              [
                2.048292503959073,
                41.482573869877896
              ],
              [
                2.048398804137435,
                41.48252772546367
              ],
              [
                2.048937603629947,
                41.48230190633458
              ],
              [
                2.050272208290821,
                41.48191452667715
              ],
              [
                2.051068326959263,
                41.48168326147921
              ],
              [
                2.0535578915897,
                41.48107701876
              ],
              [
                2.05420323608909,
                41.48090742748763
              ],
              [
                2.05664850001991,
                41.48026478948934
              ],
              [
                2.057083093519259,
                41.48020968483156
              ],
              [
                2.062526959260254,
                41.47951387734887
              ],
              [
                2.063253041826192,
                41.47933543807752
              ],
              [
                2.063612034266148,
                41.47924721140403
              ],
              [
                2.06447960950115,
                41.479162670624646
              ],
              [
                2.064603553611873,
                41.4790324859184
              ],
              [
                2.064779631506894,
                41.47891584840599
              ],
              [
                2.064917871857844,
                41.47887940098397
              ],
              [
                2.06570367596975,
                41.47879057647978
              ],
              [
                2.06626375705209,
                41.478731881546985
              ],
              [
                2.066569113809388,
                41.47869641419844
              ],
              [
                2.066723292653146,
                41.478726382983794
              ],
              [
                2.066933783564151,
                41.47880392991483
              ],
              [
                2.067253102385213,
                41.47868088879454
              ],
              [
                2.067694180333108,
                41.478472125750386
              ],
              [
                2.068100087264782,
                41.47835960633341
              ],
              [
                2.068592614912168,
                41.47822537852448
              ],
              [
                2.068597986318673,
                41.478171857480135
              ],
              [
                2.068610934540268,
                41.4781255090231
              ],
              [
                2.068632649841277,
                41.47808442194001
              ],
              [
                2.068664384482643,
                41.47804569519432
              ],
              [
                2.068705400717427,
                41.47801202647358
              ],
              [
                2.068772556615072,
                41.47797651760309
              ],
              [
                2.068858669609735,
                41.477950834815864
              ],
              [
                2.068942540374457,
                41.47794565155913
              ],
              [
                2.068995104591744,
                41.477949301266534
              ],
              [
                2.069061743794122,
                41.477955807777754
              ],
              [
                2.069142765863813,
                41.47770575762537
              ],
              [
                2.069192357790793,
                41.476898529078014
              ],
              [
                2.069157767965128,
                41.47628709123788
              ],
              [
                2.06874146574464,
                41.47552045466298
              ],
              [
                2.068484096285924,
                41.47504648922583
              ],
              [
                2.06825248397372,
                41.474580132081094
              ],
              [
                2.067957869306423,
                41.47397473109832
              ],
              [
                2.067953807806752,
                41.473571600840906
              ],
              [
                2.068088878220769,
                41.47318327929921
              ],
              [
                2.069138835765141,
                41.471282863053545
              ],
              [
                2.069245250887096,
                41.47109024549601
              ],
              [
                2.069442046477802,
                41.470651657294425
              ],
              [
                2.069513441465165,
                41.470492541375194
              ],
              [
                2.069815388606692,
                41.46982677947807
              ],
              [
                2.069981477436456,
                41.46885843345031
              ],
              [
                2.069984696300021,
                41.468815967052315
              ],
              [
                2.069985465233962,
                41.46880582251421
              ],
              [
                2.069923601347353,
                41.46880135317369
              ]
            ]
          ]
        ]
      },
      "properties": {
        "name": "Mira-sol",
        "code": "CB03",
        "updated_at": "2024-04-15",
        "url": "https://santcugat.cat/web/consells-de-barri"
      }
    },
    {
      "type": "Feature",
      "geometry": {
        "type": "MultiPolygon",
        "coordinates": [
          [
            [
              [
                2.083807287363003,
                41.43003430473499
              ],
              [
                2.083743022956382,
                41.43009271633845
              ],
              [
                2.083704217494086,
                41.43016453741766
              ],
              [
                2.083705846374129,
                41.430240743981635
              ],
              [
                2.083728106433012,
                41.430289685054795
              ],
              [
                2.083771043351932,
                41.43033115795727
              ],
              [
                2.083853320567074,
                41.43041764325685
              ],
              [
                2.083801600583016,
                41.43049672449613
              ],
              [
                2.083668764841086,
                41.43064695071505
              ],
              [
                2.083418302044983,
                41.43085275329365
              ],
              [
                2.083333891534353,
                41.43082305001923
              ],
              [
                2.083296178927986,
                41.43081433680093
              ],
              [
                2.0830556190938,
                41.430799478052464
              ],
              [
                2.082991292321408,
                41.43078498831357
              ],
              [
                2.082757832205993,
                41.43075839963613
              ],
              [
                2.082663987408507,
                41.43076403590393
              ],
              [
                2.082631644963774,
                41.430772836886476
              ],
              [
                2.082610640510653,
                41.430784585796836
              ],
              [
                2.082595573611272,
                41.430802311914945
              ],
              [
                2.08256432694688,
                41.43088875626509
              ],
              [
                2.082479954691695,
                41.43103734667743
              ],
              [
                2.082460024824289,
                41.431091750662944
              ],
              [
                2.082451075567542,
                41.43113849513491
              ],
              [
                2.082451096051665,
                41.43118535124855
              ],
              [
                2.0824595945215,
                41.431226339642784
              ],
              [
                2.082515646447117,
                41.431329864659894
              ],
              [
                2.082582452803789,
                41.43148139542462
              ],
              [
                2.082496294559612,
                41.431538676817624
              ],
              [
                2.082317605813118,
                41.4316293242924
              ],
              [
                2.082194598454895,
                41.43166492852106
              ],
              [
                2.082103280575367,
                41.43167262703596
              ],
              [
                2.082036860529576,
                41.431669649292694
              ],
              [
                2.081437049754471,
                41.431576428602355
              ],
              [
                2.081388419380925,
                41.43151986805935
              ],
              [
                2.081302903611426,
                41.431444366629336
              ],
              [
                2.08122454838319,
                41.43137617752833
              ],
              [
                2.081172811439111,
                41.43132273748989
              ],
              [
                2.081142002500265,
                41.43128184638799
              ],
              [
                2.081120131465611,
                41.431240809572174
              ],
              [
                2.081107780910588,
                41.43120125823298
              ],
              [
                2.081104579728863,
                41.43116612484508
              ],
              [
                2.081110017004392,
                41.43113118466031
              ],
              [
                2.081122748285472,
                41.43110251623132
              ],
              [
                2.081194634867995,
                41.431016721506055
              ],
              [
                2.081209048933075,
                41.43099159406329
              ],
              [
                2.081216286857253,
                41.43096114981241
              ],
              [
                2.081217805031165,
                41.43086266240598
              ],
              [
                2.081225700037499,
                41.43082901246477
              ],
              [
                2.081251642188862,
                41.43076747152849
              ],
              [
                2.081252840246691,
                41.43074628714026
              ],
              [
                2.081245575846509,
                41.430730963651875
              ],
              [
                2.081226060350907,
                41.43071396914801
              ],
              [
                2.081172787483571,
                41.430683622123404
              ],
              [
                2.081120272666343,
                41.4306627005631
              ],
              [
                2.081055684565713,
                41.43064552601217
              ],
              [
                2.080982010786187,
                41.430633189038545
              ],
              [
                2.080910081637963,
                41.43062792518573
              ],
              [
                2.08084389252258,
                41.43062959674291
              ],
              [
                2.080769566784665,
                41.4306388282504
              ],
              [
                2.080687198865437,
                41.43065615133519
              ],
              [
                2.080428365134733,
                41.43072505896591
              ],
              [
                2.080353473988068,
                41.43075186744084
              ],
              [
                2.08028391300914,
                41.43078415833791
              ],
              [
                2.080216829475872,
                41.43082307911996
              ],
              [
                2.08017638017269,
                41.43085321534174
              ],
              [
                2.080151806254619,
                41.43087979739937
              ],
              [
                2.080138225807586,
                41.4309049833386
              ],
              [
                2.080133312524237,
                41.43093094903003
              ],
              [
                2.080136852217339,
                41.430953897865656
              ],
              [
                2.080174405446475,
                41.43101471637757
              ],
              [
                2.08018134993024,
                41.43104012256378
              ],
              [
                2.080173365443726,
                41.43113591626453
              ],
              [
                2.080177907596952,
                41.43116048868359
              ],
              [
                2.080221661899589,
                41.43122870574758
              ],
              [
                2.080240060175131,
                41.431265820951495
              ],
              [
                2.0802464457334,
                41.43128383156025
              ],
              [
                2.080258174216459,
                41.431336526186335
              ],
              [
                2.080266553440317,
                41.43142286683352
              ],
              [
                2.080266551722445,
                41.43150452042726
              ],
              [
                2.080265560112408,
                41.431535566159596
              ],
              [
                2.08025045604225,
                41.431593254446305
              ],
              [
                2.080215648462671,
                41.43170719566895
              ],
              [
                2.080198315945102,
                41.431739571352644
              ],
              [
                2.080173190822115,
                41.4317681223294
              ],
              [
                2.080132980218864,
                41.431799948040485
              ],
              [
                2.080120610819701,
                41.43180731496745
              ],
              [
                2.079969805759712,
                41.431890362230135
              ],
              [
                2.079930268728077,
                41.431905983296694
              ],
              [
                2.079885625227385,
                41.43191609655599
              ],
              [
                2.07963513269286,
                41.43194291969351
              ],
              [
                2.079585032723961,
                41.43194338669279
              ],
              [
                2.079475045836605,
                41.43193396211537
              ],
              [
                2.079323423228979,
                41.43194210007418
              ],
              [
                2.079205820507451,
                41.43194841196276
              ],
              [
                2.079058946176978,
                41.43198410460031
              ],
              [
                2.079018386902688,
                41.43198877458405
              ],
              [
                2.078831420806913,
                41.43196904796769
              ],
              [
                2.078673406633658,
                41.43195782840904
              ],
              [
                2.078598511406467,
                41.43195773430832
              ],
              [
                2.078512183957611,
                41.431973097777544
              ],
              [
                2.078452848702406,
                41.431983657475065
              ],
              [
                2.078306134223361,
                41.43200976761509
              ],
              [
                2.078216325323039,
                41.43202575041285
              ],
              [
                2.078166876817503,
                41.432034550458965
              ],
              [
                2.078102399216256,
                41.43205113825456
              ],
              [
                2.0780264689381,
                41.43207088201485
              ],
              [
                2.077823113201382,
                41.43214184427492
              ],
              [
                2.077742724507771,
                41.43218026031825
              ],
              [
                2.077710679865764,
                41.432199402648145
              ],
              [
                2.077628042663698,
                41.432249503114974
              ],
              [
                2.07753859142758,
                41.4323030249727
              ],
              [
                2.07740142215249,
                41.43237342234164
              ],
              [
                2.077360509514197,
                41.43239441927135
              ],
              [
                2.07731190877779,
                41.43242711019161
              ],
              [
                2.077199652702815,
                41.43253147931264
              ],
              [
                2.077082070691039,
                41.432619497104334
              ],
              [
                2.076893567318035,
                41.43277007613876
              ],
              [
                2.076714171590848,
                41.43284999035194
              ],
              [
                2.076299892854568,
                41.4328930163849
              ],
              [
                2.075875045213597,
                41.432923793511286
              ],
              [
                2.075400202211658,
                41.4329363963293
              ],
              [
                2.075293679437658,
                41.432962433039066
              ],
              [
                2.075174369488758,
                41.43303960354807
              ],
              [
                2.075095580821276,
                41.43319508587238
              ],
              [
                2.07495120245216,
                41.43330164333671
              ],
              [
                2.074901238298286,
                41.43334813162486
              ],
              [
                2.074867926416053,
                41.4333882560864
              ],
              [
                2.074845098669821,
                41.43344413484658
              ],
              [
                2.074846555062976,
                41.4334775365346
              ],
              [
                2.074871998117418,
                41.43356692403994
              ],
              [
                2.075057683811941,
                41.43384879916206
              ],
              [
                2.0750659684192,
                41.433870591626906
              ],
              [
                2.075064330504977,
                41.433933738515655
              ],
              [
                2.075048056132447,
                41.434000983289714
              ],
              [
                2.075045123216165,
                41.4340524821821
              ],
              [
                2.075079914762364,
                41.434183446879636
              ],
              [
                2.075131271861541,
                41.43450373435141
              ],
              [
                2.075123718860884,
                41.43456500547238
              ],
              [
                2.074994517629509,
                41.434864969645155
              ],
              [
                2.074772289797279,
                41.43530179177993
              ],
              [
                2.074326270335781,
                41.43535339287521
              ],
              [
                2.07419209089467,
                41.435358691122396
              ],
              [
                2.073948870179171,
                41.43534803369447
              ],
              [
                2.073886400591528,
                41.43533046208948
              ],
              [
                2.073813227626596,
                41.435294555314734
              ],
              [
                2.07378392310789,
                41.43528891509509
              ],
              [
                2.073675722463921,
                41.43528204555275
              ],
              [
                2.073489753445843,
                41.43525439144105
              ],
              [
                2.073323438015205,
                41.43524424521712
              ],
              [
                2.073187310852128,
                41.43521162169439
              ],
              [
                2.073126140484869,
                41.435218028891086
              ],
              [
                2.073092490839217,
                41.4352309358217
              ],
              [
                2.073020528107135,
                41.43527073664449
              ],
              [
                2.073000203701262,
                41.435286768322115
              ],
              [
                2.072862750763163,
                41.43544020471205
              ],
              [
                2.072832070894016,
                41.435458692070334
              ],
              [
                2.072754057707321,
                41.43546607395131
              ],
              [
                2.072606561557184,
                41.43546023363876
              ],
              [
                2.072554957596404,
                41.43546886190903
              ],
              [
                2.072518992218567,
                41.43548795259155
              ],
              [
                2.072522317170595,
                41.43550451754666
              ],
              [
                2.072660680977698,
                41.43563365168169
              ],
              [
                2.07278777003776,
                41.435752344449185
              ],
              [
                2.072922208545348,
                41.43599066460119
              ],
              [
                2.072954488745339,
                41.43603131315352
              ],
              [
                2.075117295211109,
                41.436656190857384
              ],
              [
                2.076656432686558,
                41.43720092728061
              ],
              [
                2.07723060757118,
                41.43860064467161
              ],
              [
                2.077270522709966,
                41.43859885537528
              ],
              [
                2.077440552691219,
                41.43861333707296
              ],
              [
                2.077611674161929,
                41.438689450661634
              ],
              [
                2.077998976471175,
                41.43890106456031
              ],
              [
                2.078315197023534,
                41.43913598188539
              ],
              [
                2.078609847997401,
                41.43928662259926
              ],
              [
                2.080725074736154,
                41.43957222318012
              ],
              [
                2.081289992198317,
                41.43953340096314
              ],
              [
                2.081731749800374,
                41.4393668445825
              ],
              [
                2.083435588963901,
                41.43929917218495
              ],
              [
                2.084999759195231,
                41.43910190552335
              ],
              [
                2.085328701589452,
                41.43862588154234
              ],
              [
                2.085357602715235,
                41.43858405733305
              ],
              [
                2.085500053899084,
                41.43846585963808
              ],
              [
                2.085714001786402,
                41.43841487098399
              ],
              [
                2.08593364223927,
                41.438411825342854
              ],
              [
                2.086104134822087,
                41.438441147602965
              ],
              [
                2.08611215481501,
                41.43844376752928
              ],
              [
                2.086627408331609,
                41.43861208605179
              ],
              [
                2.087267660412549,
                41.43902898814191
              ],
              [
                2.088555678540605,
                41.43985118123913
              ],
              [
                2.088847558708661,
                41.44027307107104
              ],
              [
                2.0889878756713,
                41.44034556929516
              ],
              [
                2.088954773395065,
                41.440381545765426
              ],
              [
                2.088896361239883,
                41.440436026885344
              ],
              [
                2.088867176852751,
                41.440467533264275
              ],
              [
                2.088850226495929,
                41.44049156970361
              ],
              [
                2.088837589646964,
                41.44052397496999
              ],
              [
                2.088835705888575,
                41.44053390073632
              ],
              [
                2.088831283276857,
                41.440578933999376
              ],
              [
                2.088839700640615,
                41.44061067243836
              ],
              [
                2.088852385128793,
                41.44064116195365
              ],
              [
                2.088897487200761,
                41.440697476751026
              ],
              [
                2.088942589350172,
                41.44075379153116
              ],
              [
                2.088957876303306,
                41.440773717414544
              ],
              [
                2.088970016467133,
                41.44079361764616
              ],
              [
                2.088985973516113,
                41.44083683667276
              ],
              [
                2.088997010393106,
                41.44086633378171
              ],
              [
                2.089008940514495,
                41.440889172700395
              ],
              [
                2.089025395338298,
                41.44091573306332
              ],
              [
                2.089043276049249,
                41.44093785736609
              ],
              [
                2.089058367598053,
                41.44095391680837
              ],
              [
                2.089071488853297,
                41.44096610593383
              ],
              [
                2.089089273362403,
                41.44098145746507
              ],
              [
                2.089112831554173,
                41.440999771818916
              ],
              [
                2.089128744899358,
                41.44101031609279
              ],
              [
                2.089145480149467,
                41.441021491969146
              ],
              [
                2.089165119713115,
                41.441032899189466
              ],
              [
                2.089175873152885,
                41.44103857011018
              ],
              [
                2.089185789126518,
                41.44104379938403
              ],
              [
                2.089213245860456,
                41.441056721267465
              ],
              [
                2.089231138138413,
                41.441064364043015
              ],
              [
                2.089289695298056,
                41.44108483055499
              ],
              [
                2.089339924136033,
                41.441096896467805
              ],
              [
                2.089370201566221,
                41.441102686363934
              ],
              [
                2.089433299448674,
                41.441112637520135
              ],
              [
                2.089454549233848,
                41.44111780641163
              ],
              [
                2.089469168492178,
                41.441121881019605
              ],
              [
                2.089481337004495,
                41.4411254674157
              ],
              [
                2.089484507282515,
                41.441126482234665
              ],
              [
                2.08948822913479,
                41.441127657691496
              ],
              [
                2.089492845749171,
                41.44112920486766
              ],
              [
                2.089500251934424,
                41.44113176385111
              ],
              [
                2.089504419349443,
                41.44113325538227
              ],
              [
                2.089510196983082,
                41.44113538497434
              ],
              [
                2.089514611832747,
                41.44113706055925
              ],
              [
                2.089521599791866,
                41.44113982460071
              ],
              [
                2.089527416110706,
                41.44114221473278
              ],
              [
                2.089530478923149,
                41.441143489159536
              ],
              [
                2.089536913126592,
                41.44114624882043
              ],
              [
                2.089541350510402,
                41.44114823735747
              ],
              [
                2.089544618072191,
                41.441149721770444
              ],
              [
                2.089548675839762,
                41.44115162916716
              ],
              [
                2.089555311883564,
                41.44115480715779
              ],
              [
                2.089560021054494,
                41.441157162486164
              ],
              [
                2.089564042394383,
                41.44115919982372
              ],
              [
                2.089568612762896,
                41.44116158009994
              ],
              [
                2.089573559838559,
                41.441164249860044
              ],
              [
                2.089577442012504,
                41.441166338188346
              ],
              [
                2.089583279486951,
                41.441169692183145
              ],
              [
                2.089590969888043,
                41.44117420685094
              ],
              [
                2.089594916917887,
                41.441176608242415
              ],
              [
                2.089601985434811,
                41.441181039853646
              ],
              [
                2.089606547803998,
                41.44118399307479
              ],
              [
                2.089808446198685,
                41.4413151154685
              ],
              [
                2.089987805223207,
                41.44143032548624
              ],
              [
                2.090010034299117,
                41.44144458577373
              ],
              [
                2.090023868391539,
                41.441455321854676
              ],
              [
                2.090033725541162,
                41.44146331772461
              ],
              [
                2.090041386559264,
                41.4414699418477
              ],
              [
                2.090052599027949,
                41.441480032100955
              ],
              [
                2.090064212277746,
                41.44149116735699
              ],
              [
                2.090074585388049,
                41.44150187607514
              ],
              [
                2.090083448748987,
                41.4415116352068
              ],
              [
                2.090092307749979,
                41.441521706854054
              ],
              [
                2.090099932426248,
                41.44153093527579
              ],
              [
                2.090106867812426,
                41.441539949881694
              ],
              [
                2.09011474465241,
                41.44155095141657
              ],
              [
                2.090122200357929,
                41.44156236635681
              ],
              [
                2.090129981918567,
                41.44157447597266
              ],
              [
                2.090141648313213,
                41.44158752412986
              ],
              [
                2.090152791020574,
                41.44160261463431
              ],
              [
                2.090163904651328,
                41.44161978857967
              ],
              [
                2.090170095507349,
                41.44163254790673
              ],
              [
                2.090175715155543,
                41.44164655292207
              ],
              [
                2.090180102038742,
                41.441660959986976
              ],
              [
                2.090183146498562,
                41.44167964694249
              ],
              [
                2.09018628356023,
                41.44171280211727
              ],
              [
                2.090372680470669,
                41.441868023487494
              ],
              [
                2.090887094456958,
                41.44331123778491
              ],
              [
                2.090985698127455,
                41.44351404854926
              ],
              [
                2.091212679749767,
                41.443667250446715
              ],
              [
                2.092040898669225,
                41.443902438932405
              ],
              [
                2.092425569532598,
                41.44406075105975
              ],
              [
                2.091845386381805,
                41.44489498180734
              ],
              [
                2.091679325953878,
                41.44501678495418
              ],
              [
                2.091262167280498,
                41.44506327662674
              ],
              [
                2.09102958831639,
                41.44514856009695
              ],
              [
                2.090890953837337,
                41.44537147065774
              ],
              [
                2.090872548757976,
                41.4455057338902
              ],
              [
                2.092834198588498,
                41.446194651738914
              ],
              [
                2.093790886860402,
                41.44656640195305
              ],
              [
                2.094648108570772,
                41.446935809777806
              ],
              [
                2.095096336846964,
                41.446726499829055
              ],
              [
                2.095448220967792,
                41.446613408388295
              ],
              [
                2.095750547325212,
                41.446465168620655
              ],
              [
                2.095994730559558,
                41.445984912961514
              ],
              [
                2.096030207372897,
                41.44592224754322
              ],
              [
                2.096228738523128,
                41.44578170439975
              ],
              [
                2.096816263316554,
                41.445677010410826
              ],
              [
                2.097030322270536,
                41.44556645742157
              ],
              [
                2.097206048212077,
                41.44535807369243
              ],
              [
                2.097315357547204,
                41.44513608188959
              ],
              [
                2.097480767291866,
                41.444949417555286
              ],
              [
                2.097947148869235,
                41.44462867040583
              ],
              [
                2.098084633189448,
                41.44442989159026
              ],
              [
                2.098129406691971,
                41.44420072207162
              ],
              [
                2.098131814489827,
                41.44402667369016
              ],
              [
                2.09802798338179,
                41.44379511918262
              ],
              [
                2.097815447920142,
                41.443576216814776
              ],
              [
                2.097678776570764,
                41.443352971875036
              ],
              [
                2.097639161428584,
                41.44317858403298
              ],
              [
                2.0977259495054,
                41.4429814603886
              ],
              [
                2.097886945421318,
                41.442737441155295
              ],
              [
                2.09813277264404,
                41.44243397079621
              ],
              [
                2.09829267121435,
                41.442269063527576
              ],
              [
                2.098971652291171,
                41.44180684202814
              ],
              [
                2.099166700341279,
                41.44162009857047
              ],
              [
                2.099292667899483,
                41.44141833152218
              ],
              [
                2.099494245373677,
                41.44103757461752
              ],
              [
                2.100036133320936,
                41.44003880504146
              ],
              [
                2.100264236658434,
                41.4397734939309
              ],
              [
                2.100484411766898,
                41.439578255239304
              ],
              [
                2.100812110157344,
                41.43938815551291
              ],
              [
                2.101340134478722,
                41.43919447557285
              ],
              [
                2.101888567264901,
                41.43907237514669
              ],
              [
                2.103422895166972,
                41.43901348942128
              ],
              [
                2.103619594778777,
                41.438978080885725
              ],
              [
                2.103797794071346,
                41.438861263839804
              ],
              [
                2.103997741671142,
                41.438589462889404
              ],
              [
                2.104180328698264,
                41.43842063448447
              ],
              [
                2.104393753279846,
                41.438326588952876
              ],
              [
                2.104660275206402,
                41.43821043359176
              ],
              [
                2.104956384659153,
                41.43807974971444
              ],
              [
                2.105155271900615,
                41.43795517527905
              ],
              [
                2.105324373092031,
                41.43778656455362
              ],
              [
                2.105324373174337,
                41.43778656447157
              ],
              [
                2.105424899501408,
                41.43761002621788
              ],
              [
                2.105428143316249,
                41.4373736334734
              ],
              [
                2.10538427121978,
                41.43720432714689
              ],
              [
                2.105297700052274,
                41.436870238749584
              ],
              [
                2.105339782700241,
                41.43666370136469
              ],
              [
                2.105538640742857,
                41.43639980506679
              ],
              [
                2.10571861541171,
                41.43622816908175
              ],
              [
                2.105767334491092,
                41.43617215773728
              ],
              [
                2.105904413389596,
                41.43605097833389
              ],
              [
                2.1063534818624,
                41.435566326871644
              ],
              [
                2.106541986994649,
                41.435412636991735
              ],
              [
                2.106933678252945,
                41.43521504529831
              ],
              [
                2.107655441856549,
                41.43483594159293
              ],
              [
                2.107752344069097,
                41.43471879437507
              ],
              [
                2.107808277985419,
                41.43461632695849
              ],
              [
                2.107830352726295,
                41.434436754713474
              ],
              [
                2.107887057652049,
                41.43387989524369
              ],
              [
                2.107980945153658,
                41.433469424381485
              ],
              [
                2.108378243536581,
                41.43284624214741
              ],
              [
                2.108662321484335,
                41.43243146381624
              ],
              [
                2.108787634362277,
                41.432267738877364
              ],
              [
                2.108930088695469,
                41.43213095572135
              ],
              [
                2.109088978901726,
                41.43198691347699
              ],
              [
                2.109145653783882,
                41.431906095957046
              ],
              [
                2.109217056899122,
                41.4317047467547
              ],
              [
                2.109351543705613,
                41.43149466385826
              ],
              [
                2.109425607832691,
                41.43133765142635
              ],
              [
                2.10955167784619,
                41.43120320853412
              ],
              [
                2.109720747321186,
                41.43103215875028
              ],
              [
                2.10994752064889,
                41.430814426488794
              ],
              [
                2.110020742243663,
                41.43071896423966
              ],
              [
                2.110170430116296,
                41.430530532714016
              ],
              [
                2.110251092063266,
                41.43036865291548
              ],
              [
                2.110344598604856,
                41.43022410354578
              ],
              [
                2.110429645176621,
                41.43013993765783
              ],
              [
                2.110548493187896,
                41.43005467273178
              ],
              [
                2.110666949845668,
                41.42999895806983
              ],
              [
                2.110701141310028,
                41.42999252210606
              ],
              [
                2.110818693931312,
                41.429970055747766
              ],
              [
                2.111021490651049,
                41.42996177673346
              ],
              [
                2.111485624315826,
                41.42996781873768
              ],
              [
                2.11208481155069,
                41.429989483591
              ],
              [
                2.112192515265528,
                41.43000262737484
              ],
              [
                2.112329265602715,
                41.43004307138818
              ],
              [
                2.112613827056045,
                41.4301862891298
              ],
              [
                2.113031347239958,
                41.4304031114811
              ],
              [
                2.113355278022878,
                41.4305453731362
              ],
              [
                2.113526594806725,
                41.430573064055984
              ],
              [
                2.113691370824293,
                41.4305664224429
              ],
              [
                2.113817930145279,
                41.430535752597706
              ],
              [
                2.114029543271923,
                41.43043453682541
              ],
              [
                2.114150457212752,
                41.43030361453932
              ],
              [
                2.114166225257701,
                41.430190431726956
              ],
              [
                2.114188715598467,
                41.429978848827254
              ],
              [
                2.114201894275131,
                41.42973027276566
              ],
              [
                2.114242426480273,
                41.4296345562724
              ],
              [
                2.11432228673814,
                41.42953175621714
              ],
              [
                2.11444735176389,
                41.42942785347751
              ],
              [
                2.114585929581968,
                41.42937619858622
              ],
              [
                2.114738475821996,
                41.4293392341624
              ],
              [
                2.11525263637188,
                41.4292717845899
              ],
              [
                2.115874744801479,
                41.429200234681154
              ],
              [
                2.11612703454734,
                41.42915784623469
              ],
              [
                2.116242072421154,
                41.4291119537045
              ],
              [
                2.116380470035299,
                41.429031759853935
              ],
              [
                2.116502975304325,
                41.428916972588475
              ],
              [
                2.116575604812113,
                41.42880515311584
              ],
              [
                2.116667428870927,
                41.428542398931846
              ],
              [
                2.116776453747895,
                41.42821576070655
              ],
              [
                2.116862974431968,
                41.42807232308944
              ],
              [
                2.117009002748866,
                41.42791093104578
              ],
              [
                2.117009002910173,
                41.42791093090693
              ],
              [
                2.117108224826941,
                41.42782551754746
              ],
              [
                2.117282733226443,
                41.42773328632528
              ],
              [
                2.117473154327561,
                41.42767319828795
              ],
              [
                2.117955117666937,
                41.42756855022987
              ],
              [
                2.119462118111609,
                41.42724676402079
              ],
              [
                2.119806030287733,
                41.42719768207553
              ],
              [
                2.11991069682896,
                41.42719355515682
              ],
              [
                2.120132831537868,
                41.42720510716451
              ],
              [
                2.120344800508508,
                41.427243657459364
              ],
              [
                2.120533545535189,
                41.42730665632167
              ],
              [
                2.120892871051208,
                41.42747603840408
              ],
              [
                2.121052149321179,
                41.42761461050738
              ],
              [
                2.121393147019264,
                41.42795260418995
              ],
              [
                2.121497529087768,
                41.42804151300794
              ],
              [
                2.122504390322106,
                41.42862464450731
              ],
              [
                2.122657762672523,
                41.428761577947945
              ],
              [
                2.122758978928765,
                41.42866401944045
              ],
              [
                2.122821397355982,
                41.428683685387895
              ],
              [
                2.122921991321848,
                41.42870222347745
              ],
              [
                2.123003907910123,
                41.428705720877026
              ],
              [
                2.123081983027031,
                41.42869355372642
              ],
              [
                2.121996511161915,
                41.42652839541803
              ],
              [
                2.12126824862855,
                41.425830799531035
              ],
              [
                2.121219745442743,
                41.42586800903319
              ],
              [
                2.121183454262709,
                41.42588691181577
              ],
              [
                2.121115867207859,
                41.425909741066185
              ],
              [
                2.121027690235888,
                41.4259325878627
              ],
              [
                2.120959694107629,
                41.42594269224254
              ],
              [
                2.120888137075037,
                41.4259461000403
              ],
              [
                2.120752888896464,
                41.42593455579884
              ],
              [
                2.119559295541298,
                41.42573999011233
              ],
              [
                2.119281993453808,
                41.42586832849934
              ],
              [
                2.118934881644653,
                41.42581329804832
              ],
              [
                2.118478735878571,
                41.42596772447895
              ],
              [
                2.11806149801458,
                41.426138493125436
              ],
              [
                2.117745746748992,
                41.426217816081184
              ],
              [
                2.117105391872639,
                41.4262686182385
              ],
              [
                2.116808639816205,
                41.426415091556834
              ],
              [
                2.116322285985258,
                41.42666172082876
              ],
              [
                2.115661343264665,
                41.4267773616631
              ],
              [
                2.115460979785506,
                41.42687671067742
              ],
              [
                2.115409172469821,
                41.426948911741505
              ],
              [
                2.115406009295431,
                41.4271866758615
              ],
              [
                2.115432544365607,
                41.427380087686025
              ],
              [
                2.115416588922822,
                41.4274943950752
              ],
              [
                2.115363797056976,
                41.427593685526205
              ],
              [
                2.115083054093977,
                41.42781747402278
              ],
              [
                2.114479147772006,
                41.42806147199296
              ],
              [
                2.114183243200017,
                41.428150451381796
              ],
              [
                2.113753774550194,
                41.42832598926043
              ],
              [
                2.113558540240294,
                41.42839860833756
              ],
              [
                2.11332361677916,
                41.428503569962636
              ],
              [
                2.113006687218379,
                41.42836951817142
              ],
              [
                2.11293952441566,
                41.428360208400164
              ],
              [
                2.112873608647193,
                41.428378987239654
              ],
              [
                2.112462999492468,
                41.42859083347742
              ],
              [
                2.112376938748642,
                41.428611422458
              ],
              [
                2.112336953817457,
                41.42861300667453
              ],
              [
                2.112259776054833,
                41.4285970646145
              ],
              [
                2.112197743926436,
                41.428574826266065
              ],
              [
                2.112162112036811,
                41.428555147586486
              ],
              [
                2.112022136404075,
                41.42842479560107
              ],
              [
                2.111988499497869,
                41.428402443178946
              ],
              [
                2.111923465766141,
                41.42837195681079
              ],
              [
                2.111864152707287,
                41.4283503322404
              ],
              [
                2.111740573250644,
                41.428333978419644
              ],
              [
                2.111410001440456,
                41.42831040765794
              ],
              [
                2.11116355817806,
                41.42828703355897
              ],
              [
                2.111014593746795,
                41.42828377832604
              ],
              [
                2.110943105586443,
                41.428290804537156
              ],
              [
                2.110148838351294,
                41.42847594499391
              ],
              [
                2.109712684313201,
                41.42841654680652
              ],
              [
                2.109200772854222,
                41.42872836763208
              ],
              [
                2.109005726144455,
                41.428751130261126
              ],
              [
                2.108403165156538,
                41.42872194756242
              ],
              [
                2.107720334250999,
                41.428635467947885
              ],
              [
                2.106679021586084,
                41.42863282904952
              ],
              [
                2.106341001903087,
                41.42850331274051
              ],
              [
                2.105853689249935,
                41.428563919357835
              ],
              [
                2.105810001534211,
                41.42861485039837
              ],
              [
                2.105745334381542,
                41.42878355288258
              ],
              [
                2.105535975917104,
                41.428805088398306
              ],
              [
                2.105306098377425,
                41.42883947129341
              ],
              [
                2.104363408793428,
                41.42852927273934
              ],
              [
                2.104042949987102,
                41.4283612890602
              ],
              [
                2.103594767573642,
                41.42810962040905
              ],
              [
                2.103220444315672,
                41.42807402940121
              ],
              [
                2.102981260589628,
                41.42826210429578
              ],
              [
                2.102705729074614,
                41.42843237253637
              ],
              [
                2.10260704003434,
                41.4284749224677
              ],
              [
                2.102520487298321,
                41.42850062354578
              ],
              [
                2.102358420629607,
                41.42857057591025
              ],
              [
                2.102131486646321,
                41.42866852609954
              ],
              [
                2.102110361224693,
                41.42868560158805
              ],
              [
                2.101937699078807,
                41.42895644630512
              ],
              [
                2.101842057183189,
                41.42908751241962
              ],
              [
                2.101696037010004,
                41.42922005401686
              ],
              [
                2.101384004357212,
                41.42952134207678
              ],
              [
                2.10129527869207,
                41.429612709969234
              ],
              [
                2.101273562779344,
                41.42964467696817
              ],
              [
                2.101260670407757,
                41.42967881457047
              ],
              [
                2.10126092320849,
                41.429710829527274
              ],
              [
                2.10126682154757,
                41.42971603576201
              ],
              [
                2.101263405931182,
                41.42972484361454
              ],
              [
                2.101145600669903,
                41.42978791394604
              ],
              [
                2.100969518724116,
                41.429837721011125
              ],
              [
                2.100682483591643,
                41.429905097304626
              ],
              [
                2.099899536209646,
                41.43011078290924
              ],
              [
                2.099556383583563,
                41.43013767217785
              ],
              [
                2.099145505568904,
                41.430122095289725
              ],
              [
                2.098794693473913,
                41.43075440376822
              ],
              [
                2.09872488381569,
                41.43088960163697
              ],
              [
                2.09885173911333,
                41.43131032950743
              ],
              [
                2.098906934822431,
                41.4314684155469
              ],
              [
                2.098927368414702,
                41.43157425548147
              ],
              [
                2.098940765014454,
                41.43169865227331
              ],
              [
                2.09881168776277,
                41.43174855714281
              ],
              [
                2.098511210043051,
                41.43192778754265
              ],
              [
                2.098163486081284,
                41.43204738959815
              ],
              [
                2.097656228646533,
                41.43222186160126
              ],
              [
                2.09736020865876,
                41.4323723320149
              ],
              [
                2.097212394176159,
                41.43244746729049
              ],
              [
                2.097085007318836,
                41.43250143110291
              ],
              [
                2.096994106298186,
                41.43261277059098
              ],
              [
                2.096963849553588,
                41.43264082559741
              ],
              [
                2.096908592640681,
                41.43267300356113
              ],
              [
                2.096864431691324,
                41.432692586072896
              ],
              [
                2.096723818349844,
                41.432737048348955
              ],
              [
                2.096627931970711,
                41.43282332464986
              ],
              [
                2.096480802483157,
                41.432955707682034
              ],
              [
                2.096234477180088,
                41.43317115520583
              ],
              [
                2.09606932583911,
                41.433272407093185
              ],
              [
                2.095733472311354,
                41.43309092472452
              ],
              [
                2.095585744416093,
                41.432925887929756
              ],
              [
                2.095488880091866,
                41.43285381492828
              ],
              [
                2.095390545819268,
                41.43284454079577
              ],
              [
                2.094837094628564,
                41.432756363648735
              ],
              [
                2.094712781178254,
                41.432758910111694
              ],
              [
                2.094519350355208,
                41.432555807621064
              ],
              [
                2.094324903312728,
                41.43239540899684
              ],
              [
                2.094177483389739,
                41.43218606820015
              ],
              [
                2.094147870136285,
                41.43215850674919
              ],
              [
                2.094072190764466,
                41.43210985797842
              ],
              [
                2.094039200952698,
                41.43203403153357
              ],
              [
                2.093929234335945,
                41.431713049461194
              ],
              [
                2.093836719259049,
                41.43164900914809
              ],
              [
                2.093750764062604,
                41.431536892263225
              ],
              [
                2.093716417965232,
                41.43147627931129
              ],
              [
                2.093682066877297,
                41.43141043938616
              ],
              [
                2.093653874501693,
                41.43134933237761
              ],
              [
                2.093633931098156,
                41.43131285805186
              ],
              [
                2.093600327678617,
                41.43126858559342
              ],
              [
                2.093511235934443,
                41.431180930618105
              ],
              [
                2.093394641295725,
                41.43104056959729
              ],
              [
                2.093340534948725,
                41.430983413518895
              ],
              [
                2.093088165033325,
                41.43083280795984
              ],
              [
                2.093049267894779,
                41.430793220736014
              ],
              [
                2.092996273300598,
                41.43075416725735
              ],
              [
                2.092945422895813,
                41.43072874961888
              ],
              [
                2.092904976505253,
                41.430681448047444
              ],
              [
                2.092850332793036,
                41.43054549163709
              ],
              [
                2.092796620368479,
                41.43043510370224
              ],
              [
                2.092766900113148,
                41.43038789221373
              ],
              [
                2.092708389907935,
                41.430312108094085
              ],
              [
                2.09262389821475,
                41.430242992800224
              ],
              [
                2.092520299957878,
                41.43018674382025
              ],
              [
                2.09249733676281,
                41.430164976473876
              ],
              [
                2.0924477687837,
                41.430056987692254
              ],
              [
                2.092439605078296,
                41.43002349709969
              ],
              [
                2.092443037906504,
                41.42993261661752
              ],
              [
                2.092428498250617,
                41.42981563493261
              ],
              [
                2.092288027120684,
                41.429612614085144
              ],
              [
                2.092136708995,
                41.42954690803945
              ],
              [
                2.092056177387645,
                41.42952956354018
              ],
              [
                2.091940575137508,
                41.429525003568244
              ],
              [
                2.091751784676458,
                41.429487425051
              ],
              [
                2.091590412053691,
                41.429367744005546
              ],
              [
                2.091497545506344,
                41.429291109366794
              ],
              [
                2.091428249005015,
                41.42924310955063
              ],
              [
                2.091330061990527,
                41.42921305067947
              ],
              [
                2.091136802781556,
                41.42918789820199
              ],
              [
                2.091116853704793,
                41.42917730635396
              ],
              [
                2.091033426797064,
                41.42909794100555
              ],
              [
                2.09100745757571,
                41.42906730910263
              ],
              [
                2.090993170570357,
                41.428964189339155
              ],
              [
                2.090834554543098,
                41.42881271900826
              ],
              [
                2.09042597353901,
                41.4286437813388
              ],
              [
                2.090159949102515,
                41.42887103080949
              ],
              [
                2.090033343560909,
                41.428939155856135
              ],
              [
                2.089795223374393,
                41.42901818937944
              ],
              [
                2.089205746350434,
                41.4292138373872
              ],
              [
                2.089103249433629,
                41.42921554217078
              ],
              [
                2.089058942339712,
                41.42920454333412
              ],
              [
                2.08901591751597,
                41.42918291893213
              ],
              [
                2.088976513213012,
                41.42914444297973
              ],
              [
                2.08893789209903,
                41.42907274028846
              ],
              [
                2.088930591805736,
                41.42900470868608
              ],
              [
                2.088906299961974,
                41.428908372029284
              ],
              [
                2.088851993820107,
                41.42881675220329
              ],
              [
                2.088822310587811,
                41.42874037428404
              ],
              [
                2.088789880455169,
                41.42862154762191
              ],
              [
                2.088327754468389,
                41.42864643090636
              ],
              [
                2.088108774498167,
                41.428675529675914
              ],
              [
                2.08767524592096,
                41.42875133717012
              ],
              [
                2.087259811856446,
                41.42878404157108
              ],
              [
                2.086913133378721,
                41.42883565220116
              ],
              [
                2.086457289314749,
                41.42888024999587
              ],
              [
                2.086157348894105,
                41.42891492432316
              ],
              [
                2.086060508651375,
                41.42893925870865
              ],
              [
                2.085935895851396,
                41.428983675076104
              ],
              [
                2.085891748046627,
                41.42899287215798
              ],
              [
                2.085733294377458,
                41.42900182445709
              ],
              [
                2.085576005883808,
                41.42907031979744
              ],
              [
                2.085551084418972,
                41.429102897608644
              ],
              [
                2.085430326573915,
                41.42922954538207
              ],
              [
                2.085390306306143,
                41.42929265493246
              ],
              [
                2.085368906220023,
                41.429315727938274
              ],
              [
                2.085003238931911,
                41.42947943520441
              ],
              [
                2.084477919795029,
                41.429714614234776
              ],
              [
                2.08409010496403,
                41.429888231597324
              ],
              [
                2.083890490434106,
                41.4299729960704
              ],
              [
                2.083807287363003,
                41.43003430473499
              ]
            ]
          ]
        ]
      },
      "properties": {
        "name": "Les Planes",
        "code": "CB05",
        "updated_at": "2024-04-15",
        "url": "https://santcugat.cat/web/consells-de-barri"
      }
    },
    {
      "type": "Feature",
      "geometry": {
        "type": "MultiPolygon",
        "coordinates": [
          [
            [
              [
                2.063997904258204,
                41.442945491309466
              ],
              [
                2.06396247322099,
                41.44321414633075
              ],
              [
                2.063921431562369,
                41.443339997341646
              ],
              [
                2.063875577284695,
                41.44345281371643
              ],
              [
                2.063836038763504,
                41.44350936087123
              ],
              [
                2.063756621428341,
                41.44361467903124
              ],
              [
                2.063678141447237,
                41.44372038506604
              ],
              [
                2.063639261170021,
                41.44377275342957
              ],
              [
                2.063595772352621,
                41.443792372620536
              ],
              [
                2.063495128187147,
                41.44383777630044
              ],
              [
                2.063347139383688,
                41.44390262687802
              ],
              [
                2.06319915028784,
                41.44396747726141
              ],
              [
                2.063045536964935,
                41.44403567790001
              ],
              [
                2.063006528481918,
                41.44406178989687
              ],
              [
                2.062967519967684,
                41.44408790188004
              ],
              [
                2.062869609807058,
                41.44415531431009
              ],
              [
                2.062771699445167,
                41.44422272665309
              ],
              [
                2.062631488220659,
                41.444289431658135
              ],
              [
                2.062423801418613,
                41.444377820447876
              ],
              [
                2.062276170847527,
                41.44443700357244
              ],
              [
                2.062181653355967,
                41.44448321845839
              ],
              [
                2.062053266194347,
                41.444551224888244
              ],
              [
                2.061980349520329,
                41.44459818587685
              ],
              [
                2.061917572570737,
                41.444646075593816
              ],
              [
                2.061571250206738,
                41.44497895050981
              ],
              [
                2.061402914992792,
                41.44500451168022
              ],
              [
                2.061288847635333,
                41.445019533669786
              ],
              [
                2.061200565693475,
                41.44502854847996
              ],
              [
                2.061089232052369,
                41.44503358668123
              ],
              [
                2.060999142877442,
                41.44502945029845
              ],
              [
                2.060899562250964,
                41.44501542402018
              ],
              [
                2.060768145164284,
                41.44498676392247
              ],
              [
                2.06050504319709,
                41.44490515111282
              ],
              [
                2.0603379975361,
                41.444868318344454
              ],
              [
                2.06001324047911,
                41.44481161148951
              ],
              [
                2.059890344026488,
                41.44483829104229
              ],
              [
                2.059671258995214,
                41.44488598183259
              ],
              [
                2.059553597641153,
                41.44491259963544
              ],
              [
                2.059099440011697,
                41.445015329158
              ],
              [
                2.059018820437553,
                41.44502825140014
              ],
              [
                2.058435724436225,
                41.445080763229
              ],
              [
                2.058380954148815,
                41.44495211369702
              ],
              [
                2.058220112812841,
                41.44499229244543
              ],
              [
                2.058204089313634,
                41.4449605153061
              ],
              [
                2.058035355637897,
                41.44495978058305
              ],
              [
                2.057624762293598,
                41.444938072898005
              ],
              [
                2.057000111725586,
                41.444948424470326
              ],
              [
                2.056776500644674,
                41.444986549640646
              ],
              [
                2.056665728409643,
                41.44499319435177
              ],
              [
                2.056574864869447,
                41.44499687939312
              ],
              [
                2.056376829892537,
                41.44503056504006
              ],
              [
                2.056250969717757,
                41.445064129910236
              ],
              [
                2.056170976259513,
                41.44515709692137
              ],
              [
                2.05596952649043,
                41.445214628672
              ],
              [
                2.055570140856515,
                41.4453286872918
              ],
              [
                2.055501813090991,
                41.44534746593032
              ],
              [
                2.055434632767948,
                41.44536426727608
              ],
              [
                2.055367452410878,
                41.44538106858226
              ],
              [
                2.055256622568377,
                41.44541251362461
              ],
              [
                2.055233113669329,
                41.445419881806046
              ],
              [
                2.055231990293795,
                41.44542023389537
              ],
              [
                2.055343406217788,
                41.44562584829246
              ],
              [
                2.055506249282268,
                41.44591826970402
              ],
              [
                2.055534302711989,
                41.446031615955484
              ],
              [
                2.055539009979279,
                41.44609031048583
              ],
              [
                2.055596827114403,
                41.4461997083033
              ],
              [
                2.055720888598846,
                41.446434448045906
              ],
              [
                2.05581299516695,
                41.44662149060052
              ],
              [
                2.055865266626159,
                41.44670020704871
              ],
              [
                2.055924989815305,
                41.44688702162941
              ],
              [
                2.055953730818104,
                41.44700990808699
              ],
              [
                2.055978026577606,
                41.44711378788682
              ],
              [
                2.056033430540968,
                41.4472542974155
              ],
              [
                2.056096059371277,
                41.447384246654124
              ],
              [
                2.05614977700389,
                41.44749570551835
              ],
              [
                2.056221206140191,
                41.44760395642554
              ],
              [
                2.056308100683467,
                41.44773564462886
              ],
              [
                2.056375550958743,
                41.447867224601644
              ],
              [
                2.056405937320828,
                41.44797237920473
              ],
              [
                2.056437011504641,
                41.44816200391355
              ],
              [
                2.056485910678791,
                41.44832759264613
              ],
              [
                2.056526951098244,
                41.448466568396405
              ],
              [
                2.056588718132283,
                41.44859628669382
              ],
              [
                2.056631867460866,
                41.44866302424794
              ],
              [
                2.056754517071585,
                41.44876592093357
              ],
              [
                2.056853206378582,
                41.44882307871558
              ],
              [
                2.057060333380072,
                41.44883095083783
              ],
              [
                2.057112158997922,
                41.448865339226025
              ],
              [
                2.057143723436267,
                41.44895282315757
              ],
              [
                2.057130797692491,
                41.449066187479254
              ],
              [
                2.057114011403304,
                41.44921340979991
              ],
              [
                2.057118492424995,
                41.44934937621141
              ],
              [
                2.057149433683022,
                41.44940906536572
              ],
              [
                2.057180374229691,
                41.449468756600545
              ],
              [
                2.0572883295327,
                41.449594689534216
              ],
              [
                2.057428511944801,
                41.44975821543628
              ],
              [
                2.057589396123082,
                41.449917495737296
              ],
              [
                2.057612860543815,
                41.4499407261543
              ],
              [
                2.057718183313918,
                41.44995097009289
              ],
              [
                2.05775572555373,
                41.45005085327243
              ],
              [
                2.057833743697872,
                41.45018966303242
              ],
              [
                2.057902038539719,
                41.45036235702019
              ],
              [
                2.057982666262112,
                41.45053360807892
              ],
              [
                2.058004631756534,
                41.45064648609489
              ],
              [
                2.05804945660793,
                41.45073948053901
              ],
              [
                2.058115065674723,
                41.45081412143647
              ],
              [
                2.058174352802224,
                41.45090028808576
              ],
              [
                2.058197746213084,
                41.45098538913118
              ],
              [
                2.05819543712881,
                41.451170249800896
              ],
              [
                2.058584379589377,
                41.45114696158513
              ],
              [
                2.058747124336282,
                41.45112263508349
              ],
              [
                2.058910464892007,
                41.451057048453976
              ],
              [
                2.059000214931619,
                41.451027423355924
              ],
              [
                2.059169838706216,
                41.45100505078706
              ],
              [
                2.059284405027551,
                41.45096836857683
              ],
              [
                2.059349233047433,
                41.45091350395109
              ],
              [
                2.059376356432024,
                41.45085758433621
              ],
              [
                2.059421808946964,
                41.450808043693094
              ],
              [
                2.059499568749634,
                41.45076883458983
              ],
              [
                2.059637968667238,
                41.450719807239714
              ],
              [
                2.059704951762769,
                41.45069989521313
              ],
              [
                2.059797846903577,
                41.45064521615548
              ],
              [
                2.05984620103385,
                41.450576928937714
              ],
              [
                2.059872747268461,
                41.45050017362268
              ],
              [
                2.059900444715625,
                41.45046522113726
              ],
              [
                2.059970078225505,
                41.4504380708827
              ],
              [
                2.060125795259759,
                41.450410606536714
              ],
              [
                2.060260211169858,
                41.45039430761689
              ],
              [
                2.060363644250444,
                41.45039816111149
              ],
              [
                2.060415702934425,
                41.45039369619794
              ],
              [
                2.060531012993072,
                41.45037131652812
              ],
              [
                2.060686596105053,
                41.450343850651905
              ],
              [
                2.060781036813647,
                41.45034157278075
              ],
              [
                2.060895142875212,
                41.45036475939007
              ],
              [
                2.060963668994901,
                41.450371903124285
              ],
              [
                2.061020807549744,
                41.45037236922602
              ],
              [
                2.06106829398921,
                41.45036384785539
              ],
              [
                2.061125756201692,
                41.450341851090094
              ],
              [
                2.061174142394551,
                41.450306610869255
              ],
              [
                2.061221882271576,
                41.450228953129034
              ],
              [
                2.061246145548494,
                41.450122856152035
              ],
              [
                2.061284529397491,
                41.45005108415767
              ],
              [
                2.061332250682142,
                41.45000748922971
              ],
              [
                2.061441585025988,
                41.44997050555846
              ],
              [
                2.0616663611701,
                41.44992346684668
              ],
              [
                2.061766489019095,
                41.44990251301326
              ],
              [
                2.061910410484615,
                41.44989124612088
              ],
              [
                2.062019040902015,
                41.449903127361765
              ],
              [
                2.062123984352254,
                41.449945522959965
              ],
              [
                2.062186711370531,
                41.44998757453333
              ],
              [
                2.062267580629812,
                41.45001022538619
              ],
              [
                2.062353901203109,
                41.44999260184674
              ],
              [
                2.062451904118993,
                41.44995308135211
              ],
              [
                2.062559297688781,
                41.449938072849115
              ],
              [
                2.062672922465933,
                41.44994144168559
              ],
              [
                2.062820296855921,
                41.449969310573536
              ],
              [
                2.062968988097416,
                41.45001854058178
              ],
              [
                2.063092306964353,
                41.4500761255146
              ],
              [
                2.063171058750309,
                41.45010468365043
              ],
              [
                2.063248453055363,
                41.450120841199464
              ],
              [
                2.063307786715584,
                41.45012627091031
              ],
              [
                2.063360472041529,
                41.450122974509696
              ],
              [
                2.06347385356445,
                41.450103752489454
              ],
              [
                2.063584231685628,
                41.450068517921686
              ],
              [
                2.06367182089341,
                41.450040688750455
              ],
              [
                2.063999356199488,
                41.44996200911871
              ],
              [
                2.064241306374553,
                41.4498889780859
              ],
              [
                2.064327100179104,
                41.44985610288233
              ],
              [
                2.064443546540865,
                41.44980576811846
              ],
              [
                2.064593434404606,
                41.44971793484863
              ],
              [
                2.064689016374668,
                41.44967697041509
              ],
              [
                2.064801157211675,
                41.44964124212103
              ],
              [
                2.064895050550426,
                41.44962762740601
              ],
              [
                2.065074874168902,
                41.449642182009505
              ],
              [
                2.06525065514782,
                41.44966130500824
              ],
              [
                2.065412062462107,
                41.449711198209336
              ],
              [
                2.065484929912486,
                41.44972657581109
              ],
              [
                2.065579246081251,
                41.449740719286325
              ],
              [
                2.065647553849788,
                41.44974127375375
              ],
              [
                2.065754438228183,
                41.44972735525525
              ],
              [
                2.065822062588565,
                41.44971030166976
              ],
              [
                2.065973898718588,
                41.44967201128909
              ],
              [
                2.066423474909697,
                41.450062453301896
              ],
              [
                2.066590372600176,
                41.45022008434328
              ],
              [
                2.066700421318453,
                41.45032402228737
              ],
              [
                2.06683073466011,
                41.450447099041675
              ],
              [
                2.067020254032572,
                41.45062609289777
              ],
              [
                2.067129000262392,
                41.45074744893887
              ],
              [
                2.067307306924477,
                41.45100055079427
              ],
              [
                2.067394379244492,
                41.45119465965916
              ],
              [
                2.067471351357546,
                41.451345711097986
              ],
              [
                2.067525638278686,
                41.45145224426814
              ],
              [
                2.067573067039686,
                41.45153465794829
              ],
              [
                2.067638673304131,
                41.451629250795825
              ],
              [
                2.067722060661394,
                41.45175745516716
              ],
              [
                2.067754645047471,
                41.45180755206638
              ],
              [
                2.06783830914103,
                41.45188775081494
              ],
              [
                2.067906488022448,
                41.45195310555464
              ],
              [
                2.068071196767646,
                41.452097423821876
              ],
              [
                2.068291889206429,
                41.45225104731167
              ],
              [
                2.068463049052172,
                41.45236481306346
              ],
              [
                2.068591864848849,
                41.45245991686524
              ],
              [
                2.068712987110812,
                41.45253939650185
              ],
              [
                2.06911508433065,
                41.4528153335092
              ],
              [
                2.069558006257635,
                41.452618451602746
              ],
              [
                2.070082165902974,
                41.45295392470625
              ],
              [
                2.070210364081447,
                41.453034192736446
              ],
              [
                2.070269066080337,
                41.4530784227224
              ],
              [
                2.070352899149293,
                41.45315148874912
              ],
              [
                2.07039869793853,
                41.45318513513998
              ],
              [
                2.070467132675739,
                41.45322726280822
              ],
              [
                2.070503622961356,
                41.45325948075557
              ],
              [
                2.070512018896177,
                41.45326970933427
              ],
              [
                2.070564558712764,
                41.453333717325904
              ],
              [
                2.07061504817182,
                41.45339287017768
              ],
              [
                2.07065836002003,
                41.45344361372328
              ],
              [
                2.070689181101747,
                41.45349349724395
              ],
              [
                2.070702853308312,
                41.453561419298815
              ],
              [
                2.070716349881569,
                41.45361847806229
              ],
              [
                2.070732092475863,
                41.45364953860656
              ],
              [
                2.070774478599286,
                41.453695816064595
              ],
              [
                2.070808742471703,
                41.453716295871025
              ],
              [
                2.070833033112236,
                41.45372537778974
              ],
              [
                2.070905978440431,
                41.45364200862816
              ],
              [
                2.071022494253738,
                41.45352419104603
              ],
              [
                2.071146128200728,
                41.453409254598085
              ],
              [
                2.071475739535558,
                41.453146808254346
              ],
              [
                2.071490626640763,
                41.45313930358007
              ],
              [
                2.071515389100172,
                41.453135301367716
              ],
              [
                2.071542216613015,
                41.45314559702762
              ],
              [
                2.071938541550929,
                41.453509791286315
              ],
              [
                2.072393136731645,
                41.45392818283819
              ],
              [
                2.072393127651788,
                41.45394563909028
              ],
              [
                2.072183628028545,
                41.454230333655715
              ],
              [
                2.072212013280185,
                41.45424094598454
              ],
              [
                2.072281795624595,
                41.454262199690284
              ],
              [
                2.072425828486613,
                41.45431704326758
              ],
              [
                2.07247038572402,
                41.45433437414543
              ],
              [
                2.072578678114212,
                41.454383942664684
              ],
              [
                2.072629483624591,
                41.454412549962996
              ],
              [
                2.072698208603418,
                41.45446347387618
              ],
              [
                2.072769582823378,
                41.454529427189
              ],
              [
                2.072811762520122,
                41.45455323545985
              ],
              [
                2.072855180365567,
                41.45456401995267
              ],
              [
                2.072918015097007,
                41.45457252714505
              ],
              [
                2.072948577617737,
                41.45457835365309
              ],
              [
                2.073016728956285,
                41.45460648156727
              ],
              [
                2.073056004085005,
                41.45463362886709
              ],
              [
                2.073125510629968,
                41.454697439375956
              ],
              [
                2.073248025572525,
                41.45483049078308
              ],
              [
                2.073299058485131,
                41.45490959869719
              ],
              [
                2.073318865635001,
                41.45495085962597
              ],
              [
                2.073340494155187,
                41.455013844939515
              ],
              [
                2.07336671074586,
                41.45510512997504
              ],
              [
                2.073399236748705,
                41.45514434448532
              ],
              [
                2.073438077554109,
                41.455180249128816
              ],
              [
                2.073644099615198,
                41.45531979241592
              ],
              [
                2.073797616360327,
                41.45541333548174
              ],
              [
                2.07385193942762,
                41.45544944182893
              ],
              [
                2.074012548476681,
                41.45555621902754
              ],
              [
                2.073869920317046,
                41.4556577275822
              ],
              [
                2.073733396217123,
                41.45574316432763
              ],
              [
                2.073582335111374,
                41.4558262860807
              ],
              [
                2.073467874319379,
                41.45589436849907
              ],
              [
                2.073378074339551,
                41.45596017557841
              ],
              [
                2.073581056147869,
                41.45608807474897
              ],
              [
                2.073855403931183,
                41.4562400288856
              ],
              [
                2.073934143186813,
                41.45627859906611
              ],
              [
                2.074281428779747,
                41.45634985050189
              ],
              [
                2.074494248127305,
                41.456379575955786
              ],
              [
                2.074733340951057,
                41.45639590809538
              ],
              [
                2.075126545515171,
                41.45647265915992
              ],
              [
                2.075120719203567,
                41.45637747780078
              ],
              [
                2.075173080887585,
                41.456021978370565
              ],
              [
                2.07518559545067,
                41.4559447086038
              ],
              [
                2.07519571803397,
                41.45591146269525
              ],
              [
                2.075212031548327,
                41.45587562739733
              ],
              [
                2.075243332702694,
                41.45582817597737
              ],
              [
                2.075287319779213,
                41.45578195245305
              ],
              [
                2.075341291954562,
                41.45574165496469
              ],
              [
                2.075377106130851,
                41.455721225885284
              ],
              [
                2.075414708845173,
                41.455703846656704
              ],
              [
                2.075453560864654,
                41.455689548972536
              ],
              [
                2.075531251305218,
                41.45567033914196
              ],
              [
                2.076325529357725,
                41.455522310607634
              ],
              [
                2.076362302506348,
                41.45551063090637
              ],
              [
                2.07640595706161,
                41.45548946280327
              ],
              [
                2.076428461787845,
                41.45547374547591
              ],
              [
                2.076446150841235,
                41.45545820565672
              ],
              [
                2.076461512100499,
                41.45544133206836
              ],
              [
                2.076488716363423,
                41.45540123479103
              ],
              [
                2.076713502451712,
                41.45505488525132
              ],
              [
                2.076956504992345,
                41.45468105789912
              ],
              [
                2.077010159917403,
                41.45460713078923
              ],
              [
                2.077060597638138,
                41.45455081602307
              ],
              [
                2.077107590781359,
                41.454506066094794
              ],
              [
                2.077158594592051,
                41.45446386138191
              ],
              [
                2.077225848318528,
                41.45441567228735
              ],
              [
                2.077305102796479,
                41.45436692829951
              ],
              [
                2.077359654471011,
                41.454337947765545
              ],
              [
                2.077416221303996,
                41.45431123521276
              ],
              [
                2.077519990862617,
                41.4542722638311
              ],
              [
                2.07758546181441,
                41.45424990945684
              ],
              [
                2.078455056886408,
                41.45400632693755
              ],
              [
                2.079534244753848,
                41.45370413036924
              ],
              [
                2.082890999540003,
                41.45276219795887
              ],
              [
                2.082893072143729,
                41.45273939378676
              ],
              [
                2.08292169211994,
                41.45271559047316
              ],
              [
                2.083091728635252,
                41.45266211823905
              ],
              [
                2.083180308574905,
                41.452617603275556
              ],
              [
                2.083330000193901,
                41.452497554384
              ],
              [
                2.083440942897574,
                41.45244572159485
              ],
              [
                2.083539973825883,
                41.45240873243949
              ],
              [
                2.083571450266553,
                41.45238637013884
              ],
              [
                2.083701665774482,
                41.452405194969046
              ],
              [
                2.083748067711343,
                41.45242438174812
              ],
              [
                2.083838929495889,
                41.45242333047738
              ],
              [
                2.083847271047974,
                41.45242868911379
              ],
              [
                2.083950605637695,
                41.45249507142074
              ],
              [
                2.083969121985544,
                41.45252268232584
              ],
              [
                2.083987721114062,
                41.45251885806786
              ],
              [
                2.084059956073236,
                41.45248528581126
              ],
              [
                2.084147815023847,
                41.45247940485418
              ],
              [
                2.084234123157442,
                41.45251188749641
              ],
              [
                2.084262240276823,
                41.45251818901163
              ],
              [
                2.084239779796495,
                41.4525706654517
              ],
              [
                2.084315197353645,
                41.45262839031209
              ],
              [
                2.084329270822908,
                41.45265609191918
              ],
              [
                2.084386212768728,
                41.45266200333738
              ],
              [
                2.084469418075217,
                41.452691227582115
              ],
              [
                2.084527071628993,
                41.45269762198219
              ],
              [
                2.084630559943297,
                41.4527148114019
              ],
              [
                2.084748934618367,
                41.45274191012798
              ],
              [
                2.084747039731867,
                41.452792794471925
              ],
              [
                2.084754641659365,
                41.45282421136893
              ],
              [
                2.084847416175065,
                41.45287593156827
              ],
              [
                2.084900477042853,
                41.45290151351524
              ],
              [
                2.084988251966177,
                41.45291480843738
              ],
              [
                2.085090903251057,
                41.45292135135799
              ],
              [
                2.085208380328024,
                41.45291805311551
              ],
              [
                2.08527864886641,
                41.45290507850732
              ],
              [
                2.085355545461231,
                41.45290557771861
              ],
              [
                2.085385725642777,
                41.452951874225185
              ],
              [
                2.085411671894724,
                41.45298508996852
              ],
              [
                2.085457438508711,
                41.453032267273976
              ],
              [
                2.085465230189726,
                41.45305007527327
              ],
              [
                2.085460437055861,
                41.45307970378702
              ],
              [
                2.085499868140435,
                41.453123311765495
              ],
              [
                2.085549193464147,
                41.45312530511748
              ],
              [
                2.085612928613914,
                41.45311377881572
              ],
              [
                2.085653798300837,
                41.45310179725266
              ],
              [
                2.085718538698654,
                41.45309793621908
              ],
              [
                2.085865203729513,
                41.45308292521421
              ],
              [
                2.085969096872169,
                41.453065152927984
              ],
              [
                2.086061442008122,
                41.45306407974092
              ],
              [
                2.08612044879257,
                41.453053242166725
              ],
              [
                2.086149856490302,
                41.4530523021622
              ],
              [
                2.086192259318801,
                41.45305638556677
              ],
              [
                2.086202360044139,
                41.453062185542734
              ],
              [
                2.086226287396102,
                41.45307061473338
              ],
              [
                2.086277923117292,
                41.45308072462662
              ],
              [
                2.086321854269597,
                41.45310355904257
              ],
              [
                2.086408290123862,
                41.45309144830958
              ],
              [
                2.086553337484129,
                41.453090697420684
              ],
              [
                2.086787600712134,
                41.45311067854491
              ],
              [
                2.086876565433384,
                41.45306797739981
              ],
              [
                2.086975000656612,
                41.4529995356326
              ],
              [
                2.08705397472537,
                41.45289005581881
              ],
              [
                2.087162261949372,
                41.45285533535688
              ],
              [
                2.087213793594341,
                41.45284183004855
              ],
              [
                2.087266928746462,
                41.45283376390928
              ],
              [
                2.0873273505748,
                41.45280239281932
              ],
              [
                2.087376920196018,
                41.45280044389714
              ],
              [
                2.087514335113944,
                41.45283590547873
              ],
              [
                2.087604609825076,
                41.45288109056327
              ],
              [
                2.087610904475865,
                41.4528975429278
              ],
              [
                2.087664416731819,
                41.45290645202261
              ],
              [
                2.087682777436475,
                41.452917937853336
              ],
              [
                2.087715911389699,
                41.45291751588661
              ],
              [
                2.087734216176291,
                41.452927010632955
              ],
              [
                2.087740156279904,
                41.452954251041845
              ],
              [
                2.087750947426842,
                41.45296423568969
              ],
              [
                2.08777707768327,
                41.452968928449344
              ],
              [
                2.087797701538494,
                41.45297526194914
              ],
              [
                2.087840872346244,
                41.45300278837213
              ],
              [
                2.087884254023959,
                41.4530289383155
              ],
              [
                2.087902174968797,
                41.45304704106558
              ],
              [
                2.087933949717174,
                41.45305990318532
              ],
              [
                2.087947491003473,
                41.45307271090622
              ],
              [
                2.087962348136785,
                41.45308388970569
              ],
              [
                2.087976729671203,
                41.45307943689824
              ],
              [
                2.088048759826591,
                41.45311265027424
              ],
              [
                2.088062397261654,
                41.45312108124442
              ],
              [
                2.088113064337245,
                41.45314167720817
              ],
              [
                2.088290442442734,
                41.45322266256006
              ],
              [
                2.088297706095615,
                41.453234907100594
              ],
              [
                2.088310128647084,
                41.45324405778336
              ],
              [
                2.08832791036745,
                41.45326760897579
              ],
              [
                2.088373666645966,
                41.45326012590566
              ],
              [
                2.08856369453343,
                41.45334239098403
              ],
              [
                2.08859589767431,
                41.453369154727284
              ],
              [
                2.088690472702624,
                41.45338347763223
              ],
              [
                2.088702826280543,
                41.453397329727146
              ],
              [
                2.088719590452019,
                41.45340742462144
              ],
              [
                2.088778226646763,
                41.453460915344394
              ],
              [
                2.088783075399437,
                41.453479761171025
              ],
              [
                2.08880807751551,
                41.45348894846524
              ],
              [
                2.088839451224046,
                41.45347144322212
              ],
              [
                2.088851414464012,
                41.45348667034286
              ],
              [
                2.088895133455456,
                41.45348018877578
              ],
              [
                2.088938622925796,
                41.45349868288615
              ],
              [
                2.088939572453878,
                41.453530099196826
              ],
              [
                2.088949505862251,
                41.45355606507536
              ],
              [
                2.088961417877814,
                41.45357324638472
              ],
              [
                2.0889697554134,
                41.45357758959295
              ],
              [
                2.089129439974266,
                41.453660767825305
              ],
              [
                2.089133035376932,
                41.4537016178018
              ],
              [
                2.089150704628923,
                41.45371378248803
              ],
              [
                2.089171269742302,
                41.45371920553151
              ],
              [
                2.089189580027936,
                41.45373005119636
              ],
              [
                2.089216883828843,
                41.453729618698
              ],
              [
                2.089223913686024,
                41.453740618307734
              ],
              [
                2.089237439462647,
                41.45374171613704
              ],
              [
                2.089259141181235,
                41.45372321549974
              ],
              [
                2.089262438666349,
                41.45372799749548
              ],
              [
                2.0892623479974,
                41.453732770698664
              ],
              [
                2.089269443399046,
                41.45376306466824
              ],
              [
                2.089298147205241,
                41.45376374249599
              ],
              [
                2.089244852565124,
                41.453892736683805
              ],
              [
                2.089196109703438,
                41.45401071327922
              ],
              [
                2.089140183962878,
                41.45428048068634
              ],
              [
                2.089190293622341,
                41.454454945115785
              ],
              [
                2.089294494750194,
                41.45451907352432
              ],
              [
                2.089441391615156,
                41.454536061590765
              ],
              [
                2.089756637787451,
                41.45453855480649
              ],
              [
                2.089956176480025,
                41.454548040963864
              ],
              [
                2.090165022866141,
                41.454644638812475
              ],
              [
                2.090320046413582,
                41.45483337096041
              ],
              [
                2.090359317093103,
                41.45503149271209
              ],
              [
                2.09029654383163,
                41.455190553323256
              ],
              [
                2.090272159305035,
                41.45525234083413
              ],
              [
                2.090110673219919,
                41.455527996864596
              ],
              [
                2.090047795718319,
                41.45575948696424
              ],
              [
                2.090044192721019,
                41.45577275172281
              ],
              [
                2.090104927682853,
                41.45593938221003
              ],
              [
                2.090260228193667,
                41.456106769069116
              ],
              [
                2.090675932852113,
                41.456442363454464
              ],
              [
                2.090848781483409,
                41.456568933660535
              ],
              [
                2.091170596881021,
                41.45656580468918
              ],
              [
                2.091294488814663,
                41.45655299543296
              ],
              [
                2.091410143174923,
                41.45680209252534
              ],
              [
                2.091445304061911,
                41.45690922705072
              ],
              [
                2.091535538931964,
                41.457009902288554
              ],
              [
                2.091737983297821,
                41.4571056289837
              ],
              [
                2.091867070844653,
                41.457151135633254
              ],
              [
                2.092587563732978,
                41.45770160905027
              ],
              [
                2.092929841463672,
                41.45787138155966
              ],
              [
                2.093472475302691,
                41.45800394284139
              ],
              [
                2.093836671326686,
                41.45814864941351
              ],
              [
                2.094237276151957,
                41.45835502051205
              ],
              [
                2.094930646144389,
                41.45864640484577
              ],
              [
                2.095093787876462,
                41.458707057806755
              ],
              [
                2.095367485206066,
                41.45880881240801
              ],
              [
                2.095627152713621,
                41.45890535067125
              ],
              [
                2.095799963490065,
                41.45896150515435
              ],
              [
                2.095991897254837,
                41.45900876761173
              ],
              [
                2.096095072364771,
                41.45903140870671
              ],
              [
                2.096217983694072,
                41.45905620892202
              ],
              [
                2.097368893165327,
                41.45918368939444
              ],
              [
                2.097640811129272,
                41.45922041047907
              ],
              [
                2.097912442887727,
                41.45925709223126
              ],
              [
                2.098611219801008,
                41.459373477126896
              ],
              [
                2.098953770915157,
                41.45945100866146
              ],
              [
                2.099512023284195,
                41.45958814273082
              ],
              [
                2.100091765699693,
                41.45974471170483
              ],
              [
                2.100482978281807,
                41.45986774904507
              ],
              [
                2.100829180250517,
                41.459997377002445
              ],
              [
                2.101129631726316,
                41.46012239042689
              ],
              [
                2.101602006768826,
                41.460359218760885
              ],
              [
                2.101913812217231,
                41.46052887290665
              ],
              [
                2.102219175211831,
                41.460706404216424
              ],
              [
                2.102742182171033,
                41.46105589503441
              ],
              [
                2.103146918532786,
                41.46135378227478
              ],
              [
                2.103383591169729,
                41.461521290121865
              ],
              [
                2.103663462051956,
                41.46171942816652
              ],
              [
                2.104271161885962,
                41.46213701312933
              ],
              [
                2.104689116682565,
                41.462401227136404
              ],
              [
                2.105055121404037,
                41.4626141102548
              ],
              [
                2.105310435167024,
                41.46339202410817
              ],
              [
                2.105384687229388,
                41.46357456139748
              ],
              [
                2.105452088570105,
                41.46375791907168
              ],
              [
                2.105520411326576,
                41.463998331166124
              ],
              [
                2.105565493161115,
                41.46419181287476
              ],
              [
                2.10559866659118,
                41.464384501190686
              ],
              [
                2.105616709611553,
                41.46456041451066
              ],
              [
                2.105623843729113,
                41.46476408298743
              ],
              [
                2.105615122189626,
                41.465004385904734
              ],
              [
                2.105600112027064,
                41.465159164910425
              ],
              [
                2.105579637594163,
                41.465294346803866
              ],
              [
                2.105552200523468,
                41.465456170721964
              ],
              [
                2.105517765069437,
                41.46561469433674
              ],
              [
                2.105452018932152,
                41.46587294859433
              ],
              [
                2.105413697504142,
                41.46597739006602
              ],
              [
                2.105348464524429,
                41.4661610194751
              ],
              [
                2.105278325924615,
                41.466331037926864
              ],
              [
                2.105186824209976,
                41.46650892876762
              ],
              [
                2.105091521070933,
                41.46668564601749
              ],
              [
                2.105030819029527,
                41.466788511670465
              ],
              [
                2.104913213843096,
                41.466949552201314
              ],
              [
                2.104690334953542,
                41.46721357549973
              ],
              [
                2.10453686232028,
                41.46739537900593
              ],
              [
                2.104224523008122,
                41.46770571433675
              ],
              [
                2.103686574732847,
                41.46818984679689
              ],
              [
                2.10328219423738,
                41.4685245054233
              ],
              [
                2.103043151744072,
                41.46871239256809
              ],
              [
                2.103093626862525,
                41.46887600863277
              ],
              [
                2.103209224068653,
                41.46936802526987
              ],
              [
                2.103406098354493,
                41.469592030701754
              ],
              [
                2.10387013405343,
                41.47005576827082
              ],
              [
                2.103785659385726,
                41.4701174536606
              ],
              [
                2.102894743252081,
                41.470778898055045
              ],
              [
                2.102694093717192,
                41.470946935700795
              ],
              [
                2.102351535340284,
                41.47125951419158
              ],
              [
                2.102140659194758,
                41.47146941966177
              ],
              [
                2.101828464494087,
                41.471815507649595
              ],
              [
                2.101624065513547,
                41.47206471185387
              ],
              [
                2.10145580415502,
                41.472285637908236
              ],
              [
                2.101272769166551,
                41.47253963363406
              ],
              [
                2.101177036883594,
                41.47268480954109
              ],
              [
                2.101964838222524,
                41.473681879051874
              ],
              [
                2.102366845177843,
                41.473449278356775
              ],
              [
                2.102567852062053,
                41.47332974160482
              ],
              [
                2.102748425596232,
                41.4733023158341
              ],
              [
                2.103112438447775,
                41.47322414136522
              ],
              [
                2.103626983918715,
                41.47308445940242
              ],
              [
                2.104343009222606,
                41.47279748721857
              ],
              [
                2.104661530159455,
                41.472597060660746
              ],
              [
                2.10467760002513,
                41.47215956241215
              ],
              [
                2.104486022115562,
                41.47204043130152
              ],
              [
                2.104224315638989,
                41.47173047335595
              ],
              [
                2.104548097006707,
                41.47159696325688
              ],
              [
                2.104663573521801,
                41.471470384660755
              ],
              [
                2.104733556604256,
                41.4714088681792
              ],
              [
                2.104781330182623,
                41.47134046843102
              ],
              [
                2.104870623588133,
                41.47117175664891
              ],
              [
                2.1048894985201,
                41.471096421622036
              ],
              [
                2.104910581186654,
                41.47102278363444
              ],
              [
                2.104936102511056,
                41.47095085552882
              ],
              [
                2.104955298843078,
                41.47085204075817
              ],
              [
                2.104978592717155,
                41.47078009982422
              ],
              [
                2.105001512974918,
                41.470734988953275
              ],
              [
                2.105031124565037,
                41.47068993100442
              ],
              [
                2.105076253931182,
                41.470651702389134
              ],
              [
                2.105112300863305,
                41.4706251451614
              ],
              [
                2.105236182521909,
                41.470535534529844
              ],
              [
                2.105305933641739,
                41.47049078671828
              ],
              [
                2.105378027098613,
                41.47043767300256
              ],
              [
                2.105474972746662,
                41.47036126924444
              ],
              [
                2.105576487832711,
                41.47027651594203
              ],
              [
                2.105673525172985,
                41.470193401329034
              ],
              [
                2.105745641005585,
                41.47013861218042
              ],
              [
                2.105822263350366,
                41.47008049644025
              ],
              [
                2.105887662176159,
                41.470027333996605
              ],
              [
                2.105955248124038,
                41.469977539247125
              ],
              [
                2.105989181066333,
                41.46994257494798
              ],
              [
                2.10602320242188,
                41.46990090623301
              ],
              [
                2.106048353616765,
                41.469855816073974
              ],
              [
                2.106062686706649,
                41.46981407370546
              ],
              [
                2.106074081622994,
                41.46976879293732
              ],
              [
                2.1060796460177,
                41.4696883237015
              ],
              [
                2.106076545109409,
                41.46958934005913
              ],
              [
                2.106074914171614,
                41.469383014290536
              ],
              [
                2.106073899414413,
                41.469181352817266
              ],
              [
                2.106072519701025,
                41.469110787302775
              ],
              [
                2.106085316917983,
                41.468950343663444
              ],
              [
                2.106098581782235,
                41.46879613225274
              ],
              [
                2.106113481202163,
                41.468685543659326
              ],
              [
                2.106139730941958,
                41.468559945032396
              ],
              [
                2.106160882762238,
                41.46848127669407
              ],
              [
                2.106184082379504,
                41.46841604074478
              ],
              [
                2.106207616070082,
                41.46836493906265
              ],
              [
                2.106283207443189,
                41.468283420118006
              ],
              [
                2.106325943842996,
                41.468244948128216
              ],
              [
                2.106394598173769,
                41.46819785910571
              ],
              [
                2.106467941456864,
                41.468150806440015
              ],
              [
                2.106588366341178,
                41.468090004595545
              ],
              [
                2.106666255632083,
                41.468053570758336
              ],
              [
                2.106725215762323,
                41.46802933458851
              ],
              [
                2.106861935620584,
                41.467977481638194
              ],
              [
                2.107000955022178,
                41.46792917275364
              ],
              [
                2.107106880207537,
                41.467900008892244
              ],
              [
                2.107184596168147,
                41.46787591797306
              ],
              [
                2.10723876904321,
                41.46785869718633
              ],
              [
                2.107295331086239,
                41.46783797301691
              ],
              [
                2.107359097148726,
                41.46780495106194
              ],
              [
                2.107422964530705,
                41.46776488158072
              ],
              [
                2.107491709487007,
                41.46771073531579
              ],
              [
                2.107567469663378,
                41.46765840794418
              ],
              [
                2.107631330836029,
                41.467618334694684
              ],
              [
                2.107697541250439,
                41.4675782778187
              ],
              [
                2.107780233189181,
                41.46753305862039
              ],
              [
                2.107862979316497,
                41.46748431249129
              ],
              [
                2.107917272410727,
                41.46745827859108
              ],
              [
                2.108032887241649,
                41.467406260674174
              ],
              [
                2.108127089816085,
                41.4673770059301
              ],
              [
                2.108235573094443,
                41.46733198443134
              ],
              [
                2.108329847920495,
                41.4672974382429
              ],
              [
                2.108454745921666,
                41.46725254819299
              ],
              [
                2.10856084078846,
                41.46721103517765
              ],
              [
                2.108662239303826,
                41.46716948930105
              ],
              [
                2.108780632687511,
                41.46713933144361
              ],
              [
                2.109033871515103,
                41.46708770242142
              ],
              [
                2.109106746065557,
                41.46707415729836
              ],
              [
                2.109374871394421,
                41.467016260106284
              ],
              [
                2.109504288317999,
                41.46698375029573
              ],
              [
                2.109685163357067,
                41.46695160052503
              ],
              [
                2.109909016125174,
                41.46691644647212
              ],
              [
                2.110277368175415,
                41.466868024174246
              ],
              [
                2.110611192362731,
                41.46681807198636
              ],
              [
                2.110846208260098,
                41.466748032089626
              ],
              [
                2.111056866449972,
                41.46662534370104
              ],
              [
                2.111095271101708,
                41.46656037817582
              ],
              [
                2.111188696435223,
                41.46650277137473
              ],
              [
                2.111279832042771,
                41.466474732474396
              ],
              [
                2.111488571002691,
                41.46643641865644
              ],
              [
                2.111528576119015,
                41.4664261428652
              ],
              [
                2.11163092065153,
                41.466372605625175
              ],
              [
                2.111752551140441,
                41.46633792005023
              ],
              [
                2.111797436288814,
                41.46631357265422
              ],
              [
                2.111821199626339,
                41.46629082321098
              ],
              [
                2.111908988417661,
                41.46621565836856
              ],
              [
                2.111951479687411,
                41.46619481883348
              ],
              [
                2.112026825732459,
                41.46617247179062
              ],
              [
                2.1121163539504,
                41.466141411357576
              ],
              [
                2.11219411407084,
                41.46611379098629
              ],
              [
                2.112241298884185,
                41.466092987543284
              ],
              [
                2.112283890894168,
                41.4660650949778
              ],
              [
                2.112328894626633,
                41.46603193095686
              ],
              [
                2.112378755519384,
                41.46598645434573
              ],
              [
                2.112433284764657,
                41.46594278005664
              ],
              [
                2.112516163655483,
                41.46588344699847
              ],
              [
                2.112603689156224,
                41.46582768149731
              ],
              [
                2.11266754786716,
                41.46578760450797
              ],
              [
                2.112754806426772,
                41.46575123874253
              ],
              [
                2.112847174689738,
                41.46572268926831
              ],
              [
                2.11293584127237,
                41.465690194782056
              ],
              [
                2.113038459321722,
                41.46565605939511
              ],
              [
                2.113101326802957,
                41.4656425733375
              ],
              [
                2.113187362432784,
                41.46563275609864
              ],
              [
                2.113284910130897,
                41.465630017207964
              ],
              [
                2.113391719657733,
                41.46562909250115
              ],
              [
                2.11349379073283,
                41.465635116431024
              ],
              [
                2.113563264302017,
                41.46564787447677
              ],
              [
                2.113641005704535,
                41.46566544754059
              ],
              [
                2.113833350738888,
                41.465741713186155
              ],
              [
                2.113904358563495,
                41.465788966716055
              ],
              [
                2.113956013351753,
                41.46585403286524
              ],
              [
                2.113998119156645,
                41.465919029996144
              ],
              [
                2.11417794914713,
                41.4660425721828
              ],
              [
                2.1143688922259,
                41.46605122390792
              ],
              [
                2.114598488992532,
                41.46602784242741
              ],
              [
                2.114859930515633,
                41.46597028273504
              ],
              [
                2.114982116455324,
                41.46595182031101
              ],
              [
                2.115041045263514,
                41.46592934506495
              ],
              [
                2.115135146787355,
                41.46590713927057
              ],
              [
                2.115334898261606,
                41.46587515902658
              ],
              [
                2.115461825484937,
                41.465853205237714
              ],
              [
                2.115532332552194,
                41.46584140328947
              ],
              [
                2.115609851435466,
                41.465831415213266
              ],
              [
                2.115678694695823,
                41.465829611202196
              ],
              [
                2.115736394147292,
                41.46583768011161
              ],
              [
                2.115798524779128,
                41.46585541913252
              ],
              [
                2.1158578146738,
                41.4658756511629
              ],
              [
                2.11604590117559,
                41.46593240913476
              ],
              [
                2.116179945920539,
                41.46597709721889
              ],
              [
                2.116281661259426,
                41.466009309425594
              ],
              [
                2.116388165817292,
                41.4660310827147
              ],
              [
                2.116494668004371,
                41.46605285948998
              ],
              [
                2.116608228964406,
                41.466067702407344
              ],
              [
                2.116717263801694,
                41.46607377691992
              ],
              [
                2.116854135459919,
                41.46608181233482
              ],
              [
                2.116949237704898,
                41.46608777973326
              ],
              [
                2.117030444135116,
                41.46609189663363
              ],
              [
                2.117194931314617,
                41.46611760609012
              ],
              [
                2.11741951800404,
                41.46616298618067
              ],
              [
                2.117450255586723,
                41.466171695766334
              ],
              [
                2.11750416063997,
                41.466192256099994
              ],
              [
                2.117553465368443,
                41.46620144421126
              ],
              [
                2.117587304628942,
                41.46619974361438
              ],
              [
                2.117608175300794,
                41.466195012591996
              ],
              [
                2.117623875898136,
                41.46618828282812
              ],
              [
                2.11763310122037,
                41.466179548823554
              ],
              [
                2.11763978730882,
                41.46616590434304
              ],
              [
                2.117638814718886,
                41.46614143732818
              ],
              [
                2.117618052011009,
                41.46607544768353
              ],
              [
                2.117611462505517,
                41.46604828943942
              ],
              [
                2.117607224196116,
                41.46601773541844
              ],
              [
                2.117572920784947,
                41.46580791198404
              ],
              [
                2.117557920453934,
                41.465715240678804
              ],
              [
                2.117545083367097,
                41.46563481438391
              ],
              [
                2.117539209032506,
                41.465554437861776
              ],
              [
                2.117542377675063,
                41.46549159418772
              ],
              [
                2.117541267439859,
                41.46540252062248
              ],
              [
                2.117542332112385,
                41.46532394382534
              ],
              [
                2.117536309842842,
                41.46525404536051
              ],
              [
                2.117510913904854,
                41.46507223469086
              ],
              [
                2.117495635868447,
                41.46500051782836
              ],
              [
                2.117468938814422,
                41.46491474295608
              ],
              [
                2.117442265505467,
                41.46482722082498
              ],
              [
                2.117422460144336,
                41.46474674107882
              ],
              [
                2.117386832838132,
                41.464634699721955
              ],
              [
                2.11735580604201,
                41.46456870626501
              ],
              [
                2.117337493393834,
                41.46450684432192
              ],
              [
                2.11733140042827,
                41.46444218309217
              ],
              [
                2.117316146405439,
                41.464368718949416
              ],
              [
                2.117298119898756,
                41.46432841676773
              ],
              [
                2.117266186033312,
                41.46428626050102
              ],
              [
                2.117224807172082,
                41.464256254821066
              ],
              [
                2.117137350533068,
                41.46419970224421
              ],
              [
                2.116797272731189,
                41.4639403828434
              ],
              [
                2.11672154344975,
                41.46387518726307
              ],
              [
                2.116664645404523,
                41.463790928781144
              ],
              [
                2.116601021915319,
                41.46368915152555
              ],
              [
                2.116519088576618,
                41.4635680263464
              ],
              [
                2.116457379653973,
                41.463495952963655
              ],
              [
                2.116400369819327,
                41.46342042525375
              ],
              [
                2.11634290898208,
                41.46330389082174
              ],
              [
                2.116314786595585,
                41.46322592472243
              ],
              [
                2.116305044816662,
                41.46316402255952
              ],
              [
                2.116314961828899,
                41.463084340064256
              ],
              [
                2.116350611206961,
                41.46288500425016
              ],
              [
                2.116366649010909,
                41.46269095951988
              ],
              [
                2.116354066074702,
                41.46263034226138
              ],
              [
                2.116295882749444,
                41.46247103223042
              ],
              [
                2.116286481304206,
                41.46242304973585
              ],
              [
                2.116307307660404,
                41.4623122087902
              ],
              [
                2.116322385366962,
                41.46226247945653
              ],
              [
                2.11635535769255,
                41.46219663722297
              ],
              [
                2.116373331182963,
                41.46215690847265
              ],
              [
                2.116378643141782,
                41.46212547201334
              ],
              [
                2.116374331285496,
                41.462088041120005
              ],
              [
                2.116358751966086,
                41.462037789982126
              ],
              [
                2.116345821101521,
                41.462002387143194
              ],
              [
                2.116316476081354,
                41.46194164570259
              ],
              [
                2.11622443792846,
                41.46180728741328
              ],
              [
                2.11621492918565,
                41.46176687029437
              ],
              [
                2.116173760796025,
                41.46170156136521
              ],
              [
                2.11609856351171,
                41.46161116225061
              ],
              [
                2.116071423639193,
                41.46149957292441
              ],
              [
                2.116064259261399,
                41.461323468396586
              ],
              [
                2.116081850998616,
                41.461198478165706
              ],
              [
                2.116076104283966,
                41.461127824173545
              ],
              [
                2.116053668804144,
                41.46105200329234
              ],
              [
                2.116030887620644,
                41.46100139595221
              ],
              [
                2.115997914827472,
                41.46096079862332
              ],
              [
                2.115961422223226,
                41.46093278010236
              ],
              [
                2.115914979982582,
                41.46089711894349
              ],
              [
                2.11587195264001,
                41.460856439853195
              ],
              [
                2.115842607364896,
                41.46079569827998
              ],
              [
                2.115826805026137,
                41.46072496703547
              ],
              [
                2.115824683483216,
                41.460634175114535
              ],
              [
                2.115826155122298,
                41.46052575539615
              ],
              [
                2.115840865084744,
                41.46043004320716
              ],
              [
                2.115865695644036,
                41.46032937001032
              ],
              [
                2.115893398242245,
                41.460264017046455
              ],
              [
                2.115951306007401,
                41.46019638028448
              ],
              [
                2.11598564469346,
                41.46013612240219
              ],
              [
                2.116023368663717,
                41.46007336933515
              ],
              [
                2.116047582972837,
                41.460018077826895
              ],
              [
                2.116071768982396,
                41.45996530996809
              ],
              [
                2.116115917694907,
                41.459922782770036
              ],
              [
                2.116176664149909,
                41.45989298884224
              ],
              [
                2.116250607393881,
                41.459878428623526
              ],
              [
                2.11633453563384,
                41.459868984645624
              ],
              [
                2.116428319185619,
                41.45987474867913
              ],
              [
                2.116538689839924,
                41.45989324669066
              ],
              [
                2.116649155917724,
                41.45990418271868
              ],
              [
                2.116742940749746,
                41.45990994650559
              ],
              [
                2.116816849775361,
                41.45989790232651
              ],
              [
                2.1168781709908,
                41.459869495072454
              ],
              [
                2.116908200426889,
                41.45983556039256
              ],
              [
                2.116928792861149,
                41.45980041837863
              ],
              [
                2.116953176027399,
                41.45973251761515
              ],
              [
                2.116971099700644,
                41.45964691910265
              ],
              [
                2.116993291232015,
                41.459493270012295
              ],
              [
                2.117025917896763,
                41.459311961775576
              ],
              [
                2.117047911330716,
                41.45917343907031
              ],
              [
                2.117069659469976,
                41.459052565372765
              ],
              [
                2.117097428582738,
                41.458982173872464
              ],
              [
                2.117121441272117,
                41.458942013908015
              ],
              [
                2.117168942135338,
                41.45889950750124
              ],
              [
                2.117233245606093,
                41.45885461236136
              ],
              [
                2.11731771659587,
                41.45880482768658
              ],
              [
                2.117395353482298,
                41.45876507523364
              ],
              [
                2.117540467665534,
                41.45869306030289
              ],
              [
                2.117796906564207,
                41.45856893940469
              ],
              [
                2.117884939812089,
                41.458504054583614
              ],
              [
                2.117956978464172,
                41.45843245732577
              ],
              [
                2.117987128220152,
                41.45838379617759
              ],
              [
                2.118004362551881,
                41.45834862913066
              ],
              [
                2.118025295356765,
                41.45828826699767
              ],
              [
                2.118036033593079,
                41.45823791774285
              ],
              [
                2.118036852863572,
                41.458177403303196
              ],
              [
                2.118034423454331,
                41.45810930226083
              ],
              [
                2.11802559446151,
                41.45801845353865
              ],
              [
                2.117994297034099,
                41.457854306087334
              ],
              [
                2.117992138421576,
                41.45776603053916
              ],
              [
                2.117999901085843,
                41.45768791929462
              ],
              [
                2.118034989877869,
                41.45757219083689
              ],
              [
                2.118096804989833,
                41.45736947098034
              ],
              [
                2.118120635952935,
                41.457297977157666
              ],
              [
                2.118160022539458,
                41.457203669651726
              ],
              [
                2.118191479533651,
                41.45713223873498
              ],
              [
                2.118226976412986,
                41.4570436346177
              ],
              [
                2.118246767163729,
                41.456989313952974
              ],
              [
                2.118263249126481,
                41.456897699816764
              ],
              [
                2.118268180211927,
                41.45681459386612
              ],
              [
                2.118269344115149,
                41.456728596507
              ],
              [
                2.118266818534292,
                41.456633967917156
              ],
              [
                2.118264208189187,
                41.456545071887874
              ],
              [
                2.118255442159746,
                41.45647441913748
              ],
              [
                2.118256091021833,
                41.456426476805134
              ],
              [
                2.11826479432245,
                41.45638719913646
              ],
              [
                2.118279851216531,
                41.45636149925026
              ],
              [
                2.118299728668769,
                41.456341980233475
              ],
              [
                2.118334294651539,
                41.456323800521666
              ],
              [
                2.11839460180814,
                41.45629960103131
              ],
              [
                2.118488600383436,
                41.45627733849111
              ],
              [
                2.118586751135753,
                41.45624897362531
              ],
              [
                2.118685044454162,
                41.456209886454
              ],
              [
                2.118811982677907,
                41.456161826419375
              ],
              [
                2.118951317401607,
                41.4561000662851
              ],
              [
                2.119143797120394,
                41.456024926825684
              ],
              [
                2.11927268468571,
                41.45598300623
              ],
              [
                2.119483305079259,
                41.45592179532359
              ],
              [
                2.119601798339423,
                41.45589511644407
              ],
              [
                2.119700010107584,
                41.455862157314876
              ],
              [
                2.119782037550246,
                41.4558214135539
              ],
              [
                2.119839659797311,
                41.45577741611617
              ],
              [
                2.119878918828207,
                41.45573634527452
              ],
              [
                2.11990630400909,
                41.45566913512928
              ],
              [
                2.119925647051509,
                41.45559419729207
              ],
              [
                2.119933139295544,
                41.45549159268313
              ],
              [
                2.119949177563476,
                41.45535993607086
              ],
              [
                2.119954412906899,
                41.45527416705639
              ],
              [
                2.119951578263366,
                41.45518220680748
              ],
              [
                2.119944198456045,
                41.45512545328073
              ],
              [
                2.119928772979785,
                41.45506097744552
              ],
              [
                2.119866233476595,
                41.454865897927306
              ],
              [
                2.119786932895338,
                41.45455423436589
              ],
              [
                2.119767903981767,
                41.454496928768314
              ],
              [
                2.119721716507008,
                41.45439695368079
              ],
              [
                2.119685613501928,
                41.45430471558952
              ],
              [
                2.119642412010856,
                41.45423542090883
              ],
              [
                2.119606481760893,
                41.454130412510715
              ],
              [
                2.119546891650275,
                41.45401756234336
              ],
              [
                2.119494400260784,
                41.45388177503559
              ],
              [
                2.119438308003822,
                41.453761290763296
              ],
              [
                2.119405668654093,
                41.45366397277146
              ],
              [
                2.119366413006088,
                41.45355383165179
              ],
              [
                2.119343542500888,
                41.453487240576244
              ],
              [
                2.119337617727344,
                41.453423337238235
              ],
              [
                2.11934897800022,
                41.45333657022188
              ],
              [
                2.11936646644382,
                41.453298390100734
              ],
              [
                2.119401591037917,
                41.45321180487003
              ],
              [
                2.119416139081413,
                41.45314039373716
              ],
              [
                2.119420257868402,
                41.45308678162765
              ],
              [
                2.119424376599147,
                41.453033173119756
              ],
              [
                2.119442111419713,
                41.45297710705845
              ],
              [
                2.119449768042211,
                41.45291330850798
              ],
              [
                2.11949476204869,
                41.45284979014418
              ],
              [
                2.119546621078908,
                41.4527812170677
              ],
              [
                2.119612089926988,
                41.45271019535264
              ],
              [
                2.119653446983277,
                41.45266453241785
              ],
              [
                2.119680990588298,
                41.45263664534202
              ],
              [
                2.11970527120078,
                41.452598512600986
              ],
              [
                2.119741050539503,
                41.45246339944241
              ],
              [
                2.119762730711354,
                41.452366502284335
              ],
              [
                2.119797785223875,
                41.45228502718446
              ],
              [
                2.119883297748952,
                41.45198681155096
              ],
              [
                2.119943293463359,
                41.451818678539524
              ],
              [
                2.119965779058505,
                41.45172341645383
              ],
              [
                2.119979478575325,
                41.45165291797406
              ],
              [
                2.119988653487433,
                41.451476733811354
              ],
              [
                2.119979432023198,
                41.451405135472136
              ],
              [
                2.119983824943193,
                41.45133109211005
              ],
              [
                2.119971458286625,
                41.45124159451858
              ],
              [
                2.119975714452236,
                41.451177765413796
              ],
              [
                2.119963340649694,
                41.45108826776454
              ],
              [
                2.119967770498993,
                41.451011666576655
              ],
              [
                2.119945455688264,
                41.450904213216106
              ],
              [
                2.119917866539698,
                41.450684320543544
              ],
              [
                2.119935346758489,
                41.45039580266265
              ],
              [
                2.119947257484325,
                41.45026817401944
              ],
              [
                2.119958233259477,
                41.450209505278714
              ],
              [
                2.119979532935986,
                41.45014069925063
              ],
              [
                2.120004196608534,
                41.450074471633734
              ],
              [
                2.120039003256812,
                41.45001087964894
              ],
              [
                2.120084069578466,
                41.44994225436722
              ],
              [
                2.120180743186176,
                41.44982293345343
              ],
              [
                2.120363153263816,
                41.449640409555975
              ],
              [
                2.120421553658957,
                41.44958976573854
              ],
              [
                2.120490410801362,
                41.44951876846385
              ],
              [
                2.12053198036719,
                41.44945778159267
              ],
              [
                2.120556432805477,
                41.449406878348455
              ],
              [
                2.120574095438672,
                41.44935592322941
              ],
              [
                2.120578073890909,
                41.44931252888
              ],
              [
                2.120595876702082,
                41.44925136042019
              ],
              [
                2.120637923773134,
                41.449154612316754
              ],
              [
                2.120686210192728,
                41.449098784797826
              ],
              [
                2.120710488852732,
                41.44906065270332
              ],
              [
                2.120738334677903,
                41.4490097744346
              ],
              [
                2.120769439770965,
                41.448969146268375
              ],
              [
                2.120817691502845,
                41.44891587112838
              ],
              [
                2.120903350690488,
                41.448857774428504
              ],
              [
                2.120988738925374,
                41.448820108915264
              ],
              [
                2.121104985993821,
                41.448759688413695
              ],
              [
                2.121217770295021,
                41.44870435126606
              ],
              [
                2.121350817740789,
                41.44865683487891
              ],
              [
                2.121517953567491,
                41.44859936046098
              ],
              [
                2.121654154536819,
                41.448569742100716
              ],
              [
                2.121786864363894,
                41.44854776766066
              ],
              [
                2.121926183387428,
                41.44853861149052
              ],
              [
                2.122072226791683,
                41.44853461814184
              ],
              [
                2.1221776377192,
                41.44852264946808
              ],
              [
                2.122310548949434,
                41.44848534533735
              ],
              [
                2.122382182150346,
                41.44846034732897
              ],
              [
                2.122423364942475,
                41.44842745454186
              ],
              [
                2.12245436084321,
                41.44839448048347
              ],
              [
                2.12253430149218,
                41.448257154772996
              ],
              [
                2.122573426301126,
                41.4481694775511
              ],
              [
                2.122622795399293,
                41.44805217193199
              ],
              [
                2.122658828872769,
                41.44795764799885
              ],
              [
                2.122712325245667,
                41.44785672225214
              ],
              [
                2.12275265133932,
                41.44776550069079
              ],
              [
                2.122792588561202,
                41.44770369437445
              ],
              [
                2.122849894707753,
                41.44764202038639
              ],
              [
                2.122929102877819,
                41.447567438971326
              ],
              [
                2.123065314718353,
                41.44745406444177
              ],
              [
                2.123157200273229,
                41.447405731572516
              ],
              [
                2.123240269313895,
                41.44736713785808
              ],
              [
                2.123327501661752,
                41.447341648253364
              ],
              [
                2.123392975742694,
                41.447319268898916
              ],
              [
                2.12349319964658,
                41.44729714868782
              ],
              [
                2.123580430607494,
                41.44727165887996
              ],
              [
                2.12367649211539,
                41.44723643345341
              ],
              [
                2.123733417583603,
                41.44720787549513
              ],
              [
                2.123785602315787,
                41.44717352748672
              ],
              [
                2.123838717288563,
                41.447126526607754
              ],
              [
                2.12392231286657,
                41.44704870729662
              ],
              [
                2.124001431185738,
                41.44698066473394
              ],
              [
                2.124098495259271,
                41.446870259856446
              ],
              [
                2.124142636902541,
                41.44681828962257
              ],
              [
                2.124204468972484,
                41.446743579615074
              ],
              [
                2.124285330851341,
                41.44667446832558
              ],
              [
                2.124348799170865,
                41.446641363343204
              ],
              [
                2.124417469288766,
                41.44661224674205
              ],
              [
                2.124496611842552,
                41.44658518597171
              ],
              [
                2.124559971425813,
                41.44655998315457
              ],
              [
                2.124623201905118,
                41.446544655955975
              ],
              [
                2.124715421242224,
                41.44652165052822
              ],
              [
                2.124786585853355,
                41.44650243290979
              ],
              [
                2.124839443874436,
                41.44647714649562
              ],
              [
                2.124884477302674,
                41.44644785262467
              ],
              [
                2.124945641979593,
                41.446391017766786
              ],
              [
                2.1250443047013,
                41.446279143406244
              ],
              [
                2.125084620658143,
                41.446210295347655
              ],
              [
                2.125130876170093,
                41.44609011859161
              ],
              [
                2.125150474961082,
                41.44599937815871
              ],
              [
                2.125166996588429,
                41.44594220751117
              ],
              [
                2.125188667016291,
                41.44589297549463
              ],
              [
                2.12521569355069,
                41.44583588016239
              ],
              [
                2.12524791941911,
                41.445782778588026
              ],
              [
                2.125293536763862,
                41.4457100164742
              ],
              [
                2.12535498600349,
                41.44563145224763
              ],
              [
                2.12538968121083,
                41.44559022315836
              ],
              [
                2.125442884083189,
                41.44553925351884
              ],
              [
                2.12548274850285,
                41.4455039905534
              ],
              [
                2.125527886981003,
                41.445466795011036
              ],
              [
                2.125575521515737,
                41.44543949504731
              ],
              [
                2.125638882023766,
                41.44541428713087
              ],
              [
                2.125733885878915,
                41.4453794428554
              ],
              [
                2.125797272724659,
                41.44535226242597
              ],
              [
                2.125868482715912,
                41.44532909562184
              ],
              [
                2.125963433375613,
                41.44529819960552
              ],
              [
                2.126037164675058,
                41.445282955851454
              ],
              [
                2.126126727890007,
                41.44526190174313
              ],
              [
                2.126213828547424,
                41.44522897420592
              ],
              [
                2.126282469848564,
                41.44520183338944
              ],
              [
                2.126337981283505,
                41.44517459288934
              ],
              [
                2.126388447339798,
                41.44513150694997
              ],
              [
                2.126431150264225,
                41.445080456265615
              ],
              [
                2.126479254778027,
                41.4450175936841
              ],
              [
                2.126529727752105,
                41.44497451133671
              ],
              [
                2.126609216450253,
                41.44492176255651
              ],
              [
                2.12670686809227,
                41.444884965834916
              ],
              [
                2.126830698596779,
                41.44485428907283
              ],
              [
                2.126912411250297,
                41.44483120037728
              ],
              [
                2.127017832970134,
                41.444802360927575
              ],
              [
                2.12712328583781,
                41.444771546289466
              ],
              [
                2.127165532137751,
                41.44475408504874
              ],
              [
                2.127244702558829,
                41.444725046354115
              ],
              [
                2.127344900401504,
                41.444694194374776
              ],
              [
                2.127429425249449,
                41.44465729212664
              ],
              [
                2.127516550903124,
                41.44462238755702
              ],
              [
                2.127582749976543,
                41.44458139565097
              ],
              [
                2.127638337283213,
                41.44454822730784
              ],
              [
                2.12768880199649,
                41.444505140780095
              ],
              [
                2.127747363830326,
                41.44444631115506
              ],
              [
                2.127789924632224,
                41.444405140924424
              ],
              [
                2.127840291769781,
                41.44436995670304
              ],
              [
                2.127911950609112,
                41.44431319883964
              ],
              [
                2.127967590359044,
                41.444276080976934
              ],
              [
                2.128041848688458,
                41.444221320752256
              ],
              [
                2.128097699780326,
                41.444168392794325
              ],
              [
                2.128145782746151,
                41.44410750646755
              ],
              [
                2.128185935461067,
                41.444050514323955
              ],
              [
                2.128215346944356,
                41.444011216977955
              ],
              [
                2.128255414290896,
                41.44396015104772
              ],
              [
                2.128281991730209,
                41.44393664025325
              ],
              [
                2.12833482110474,
                41.44391332732529
              ],
              [
                2.128413957556923,
                41.44388626559165
              ],
              [
                2.128501213715104,
                41.44384148371444
              ],
              [
                2.128625519165796,
                41.44377524819142
              ],
              [
                2.128876962026813,
                41.44362698203047
              ],
              [
                2.128953761005224,
                41.44357816731834
              ],
              [
                2.129054279088641,
                41.44352360421426
              ],
              [
                2.129228493178326,
                41.44345576756999
              ],
              [
                2.129360561620676,
                41.44339749307828
              ],
              [
                2.129582438749476,
                41.443300377412285
              ],
              [
                2.12965130685303,
                41.44325545562515
              ],
              [
                2.129725590211433,
                41.44319871645674
              ],
              [
                2.12984745051717,
                41.44311862931284
              ],
              [
                2.129943740440095,
                41.443029616089696
              ],
              [
                2.12995876793984,
                41.442788519387676
              ],
              [
                2.129967426944082,
                41.44264962560597
              ],
              [
                2.12994477463424,
                41.44247360356096
              ],
              [
                2.12980414316942,
                41.44234809402568
              ],
              [
                2.12964950503358,
                41.442098986587446
              ],
              [
                2.129601354497772,
                41.44204825301362
              ],
              [
                2.129500089526798,
                41.441912665077126
              ],
              [
                2.12951154206927,
                41.44174355015626
              ],
              [
                2.129924838595667,
                41.44116823151463
              ],
              [
                2.129955656130184,
                41.4410861905628
              ],
              [
                2.129957664654453,
                41.44095185092774
              ],
              [
                2.129945950323578,
                41.44084038525681
              ],
              [
                2.129928020388074,
                41.44066977540036
              ],
              [
                2.129901206274996,
                41.44059718003745
              ],
              [
                2.129845696269526,
                41.44054186019576
              ],
              [
                2.129760059046151,
                41.440475733219145
              ],
              [
                2.129553230023376,
                41.44031659103306
              ],
              [
                2.129446533435851,
                41.44023363470338
              ],
              [
                2.129388203051273,
                41.440174438129944
              ],
              [
                2.12935088188113,
                41.440084571838156
              ],
              [
                2.129373233978127,
                41.43992759048425
              ],
              [
                2.12939787516758,
                41.43958150717443
              ],
              [
                2.129364890081436,
                41.43938317321492
              ],
              [
                2.12942543358129,
                41.43907074512548
              ],
              [
                2.129472300571751,
                41.43882889097766
              ],
              [
                2.129473503276703,
                41.43872993556192
              ],
              [
                2.129419818419123,
                41.438498831268625
              ],
              [
                2.129383003096013,
                41.43835628386058
              ],
              [
                2.129295859533991,
                41.43801886513239
              ],
              [
                2.129273756919235,
                41.43790904587001
              ],
              [
                2.129261744857851,
                41.43773667676787
              ],
              [
                2.129237049220379,
                41.43766303788043
              ],
              [
                2.129217814773967,
                41.43762370333194
              ],
              [
                2.129017861234431,
                41.43737362656767
              ],
              [
                2.128874070866542,
                41.43719379025095
              ],
              [
                2.128651654196501,
                41.436915614981665
              ],
              [
                2.128613698976018,
                41.43678992219447
              ],
              [
                2.128590059402913,
                41.436633740808006
              ],
              [
                2.128601063266724,
                41.436598037932484
              ],
              [
                2.128771105627028,
                41.436288736964116
              ],
              [
                2.128799806346909,
                41.43620778761118
              ],
              [
                2.128814108882873,
                41.4360770322127
              ],
              [
                2.128822982029596,
                41.435997195492156
              ],
              [
                2.128831563362592,
                41.43592472360878
              ],
              [
                2.128842965960382,
                41.43581321581334
              ],
              [
                2.128801261474396,
                41.43568870609945
              ],
              [
                2.128787321021059,
                41.435596179294485
              ],
              [
                2.128788081878363,
                41.43554404000648
              ],
              [
                2.128805034466292,
                41.43539015144167
              ],
              [
                2.128819490567244,
                41.43531893886884
              ],
              [
                2.128843457795396,
                41.435251026101746
              ],
              [
                2.128844177087422,
                41.435177893530124
              ],
              [
                2.128836047011847,
                41.43510469393518
              ],
              [
                2.128796556609565,
                41.43494795950668
              ],
              [
                2.128770226174711,
                41.434882787625845
              ],
              [
                2.128690613326804,
                41.43477226845378
              ],
              [
                2.128630270573008,
                41.43467138206061
              ],
              [
                2.128583075694496,
                41.434572531314316
              ],
              [
                2.128496427420253,
                41.43439104371363
              ],
              [
                2.128448819493955,
                41.43432574156506
              ],
              [
                2.128385303833492,
                41.43422450456112
              ],
              [
                2.128331298067097,
                41.4340601956738
              ],
              [
                2.128309061635822,
                41.43394872289424
              ],
              [
                2.12831047557516,
                41.433866178048824
              ],
              [
                2.128330984108449,
                41.43373944335732
              ],
              [
                2.128301032277648,
                41.433521791072394
              ],
              [
                2.128270572932249,
                41.433509378639734
              ],
              [
                2.128154405898734,
                41.43347649571302
              ],
              [
                2.12769511264896,
                41.433266217055866
              ],
              [
                2.127536741744803,
                41.43313992759233
              ],
              [
                2.127345032332485,
                41.432844592301684
              ],
              [
                2.127266030873457,
                41.43263172256496
              ],
              [
                2.12669564094867,
                41.43204976396212
              ],
              [
                2.126521084578818,
                41.431846798904516
              ],
              [
                2.126423593872329,
                41.4316752123712
              ],
              [
                2.126527162914504,
                41.431609541726594
              ],
              [
                2.124109643071072,
                41.42961397465536
              ],
              [
                2.12399087487531,
                41.42952689625126
              ],
              [
                2.123871312439201,
                41.42943923516926
              ],
              [
                2.123668073825495,
                41.429315072219815
              ],
              [
                2.123353114884068,
                41.42914252537936
              ],
              [
                2.122657762672523,
                41.428761577947945
              ],
              [
                2.122504390322106,
                41.42862464450731
              ],
              [
                2.121497529087768,
                41.42804151300794
              ],
              [
                2.121393147019264,
                41.42795260418995
              ],
              [
                2.121052149321179,
                41.42761461050738
              ],
              [
                2.120892871051208,
                41.42747603840408
              ],
              [
                2.120533545535189,
                41.42730665632167
              ],
              [
                2.120344800508508,
                41.427243657459364
              ],
              [
                2.120132831537868,
                41.42720510716451
              ],
              [
                2.11991069682896,
                41.42719355515682
              ],
              [
                2.119806030287733,
                41.42719768207553
              ],
              [
                2.119462118111609,
                41.42724676402079
              ],
              [
                2.117955117666937,
                41.42756855022987
              ],
              [
                2.117473154327561,
                41.42767319828795
              ],
              [
                2.117282733226443,
                41.42773328632528
              ],
              [
                2.117108224826941,
                41.42782551754746
              ],
              [
                2.117009002910173,
                41.42791093090693
              ],
              [
                2.117009002748866,
                41.42791093104578
              ],
              [
                2.116862974431968,
                41.42807232308944
              ],
              [
                2.116776453747895,
                41.42821576070655
              ],
              [
                2.116667428870927,
                41.428542398931846
              ],
              [
                2.116575604812113,
                41.42880515311584
              ],
              [
                2.116502975304325,
                41.428916972588475
              ],
              [
                2.116380470035299,
                41.429031759853935
              ],
              [
                2.116242072421154,
                41.4291119537045
              ],
              [
                2.11612703454734,
                41.42915784623469
              ],
              [
                2.115874744801479,
                41.429200234681154
              ],
              [
                2.11525263637188,
                41.4292717845899
              ],
              [
                2.114738475821996,
                41.4293392341624
              ],
              [
                2.114585929581968,
                41.42937619858622
              ],
              [
                2.11444735176389,
                41.42942785347751
              ],
              [
                2.11432228673814,
                41.42953175621714
              ],
              [
                2.114242426480273,
                41.4296345562724
              ],
              [
                2.114201894275131,
                41.42973027276566
              ],
              [
                2.114188715598467,
                41.429978848827254
              ],
              [
                2.114166225257701,
                41.430190431726956
              ],
              [
                2.114150457212752,
                41.43030361453932
              ],
              [
                2.114029543271923,
                41.43043453682541
              ],
              [
                2.113817930145279,
                41.430535752597706
              ],
              [
                2.113691370824293,
                41.4305664224429
              ],
              [
                2.113526594806725,
                41.430573064055984
              ],
              [
                2.113355278022878,
                41.4305453731362
              ],
              [
                2.113031347239958,
                41.4304031114811
              ],
              [
                2.112613827056045,
                41.4301862891298
              ],
              [
                2.112329265602715,
                41.43004307138818
              ],
              [
                2.112192515265528,
                41.43000262737484
              ],
              [
                2.11208481155069,
                41.429989483591
              ],
              [
                2.111485624315826,
                41.42996781873768
              ],
              [
                2.111021490651049,
                41.42996177673346
              ],
              [
                2.110818693931312,
                41.429970055747766
              ],
              [
                2.110701141310028,
                41.42999252210606
              ],
              [
                2.110666949845668,
                41.42999895806983
              ],
              [
                2.110548493187896,
                41.43005467273178
              ],
              [
                2.110429645176621,
                41.43013993765783
              ],
              [
                2.110344598604856,
                41.43022410354578
              ],
              [
                2.110251092063266,
                41.43036865291548
              ],
              [
                2.110170430116296,
                41.430530532714016
              ],
              [
                2.110020742243663,
                41.43071896423966
              ],
              [
                2.10994752064889,
                41.430814426488794
              ],
              [
                2.109720747321186,
                41.43103215875028
              ],
              [
                2.10955167784619,
                41.43120320853412
              ],
              [
                2.109425607832691,
                41.43133765142635
              ],
              [
                2.109351543705613,
                41.43149466385826
              ],
              [
                2.109217056899122,
                41.4317047467547
              ],
              [
                2.109145653783882,
                41.431906095957046
              ],
              [
                2.109088978901726,
                41.43198691347699
              ],
              [
                2.108930088695469,
                41.43213095572135
              ],
              [
                2.108787634362277,
                41.432267738877364
              ],
              [
                2.108662321484335,
                41.43243146381624
              ],
              [
                2.108378243536581,
                41.43284624214741
              ],
              [
                2.107980945153658,
                41.433469424381485
              ],
              [
                2.107887057652049,
                41.43387989524369
              ],
              [
                2.107830352726295,
                41.434436754713474
              ],
              [
                2.107808277985419,
                41.43461632695849
              ],
              [
                2.107752344069097,
                41.43471879437507
              ],
              [
                2.107655441856549,
                41.43483594159293
              ],
              [
                2.106933678252945,
                41.43521504529831
              ],
              [
                2.106541986994649,
                41.435412636991735
              ],
              [
                2.1063534818624,
                41.435566326871644
              ],
              [
                2.106173207109941,
                41.435764935911436
              ],
              [
                2.105904413389596,
                41.43605097833389
              ],
              [
                2.10571861541171,
                41.43622816908175
              ],
              [
                2.105538640742857,
                41.43639980506679
              ],
              [
                2.105339782700241,
                41.43666370136469
              ],
              [
                2.105297700052274,
                41.436870238749584
              ],
              [
                2.10538427121978,
                41.43720432714689
              ],
              [
                2.105428143316249,
                41.4373736334734
              ],
              [
                2.105424899501408,
                41.43761002621788
              ],
              [
                2.105324373174337,
                41.43778656447157
              ],
              [
                2.105324373092031,
                41.43778656455362
              ],
              [
                2.105155271900615,
                41.43795517527905
              ],
              [
                2.104956384659153,
                41.43807974971444
              ],
              [
                2.104660275206402,
                41.43821043359176
              ],
              [
                2.104393753279846,
                41.438326588952876
              ],
              [
                2.104180328698264,
                41.43842063448447
              ],
              [
                2.103997741671142,
                41.438589462889404
              ],
              [
                2.103797794071346,
                41.438861263839804
              ],
              [
                2.103619594778777,
                41.438978080885725
              ],
              [
                2.103422895166972,
                41.43901348942128
              ],
              [
                2.101888567264901,
                41.43907237514669
              ],
              [
                2.101340134478722,
                41.43919447557285
              ],
              [
                2.100812110157344,
                41.43938815551291
              ],
              [
                2.100484411766898,
                41.439578255239304
              ],
              [
                2.100264236658434,
                41.4397734939309
              ],
              [
                2.100036133320936,
                41.44003880504146
              ],
              [
                2.099494245373677,
                41.44103757461752
              ],
              [
                2.099292667899483,
                41.44141833152218
              ],
              [
                2.099166700341279,
                41.44162009857047
              ],
              [
                2.098971652291171,
                41.44180684202814
              ],
              [
                2.098568241629328,
                41.44209715333021
              ],
              [
                2.09829267121435,
                41.442269063527576
              ],
              [
                2.09813277264404,
                41.44243397079621
              ],
              [
                2.097886945421318,
                41.442737441155295
              ],
              [
                2.0977259495054,
                41.4429814603886
              ],
              [
                2.097639161428584,
                41.44317858403298
              ],
              [
                2.097678776570764,
                41.443352971875036
              ],
              [
                2.097815447920142,
                41.443576216814776
              ],
              [
                2.09802798338179,
                41.44379511918262
              ],
              [
                2.098131814489827,
                41.44402667369016
              ],
              [
                2.098129406691971,
                41.44420072207162
              ],
              [
                2.098084633189448,
                41.44442989159026
              ],
              [
                2.097947148869235,
                41.44462867040583
              ],
              [
                2.097480767291866,
                41.444949417555286
              ],
              [
                2.097315357547204,
                41.44513608188959
              ],
              [
                2.097206048212077,
                41.44535807369243
              ],
              [
                2.097030322270536,
                41.44556645742157
              ],
              [
                2.096816263316554,
                41.445677010410826
              ],
              [
                2.096228738523128,
                41.44578170439975
              ],
              [
                2.096030207372897,
                41.44592224754322
              ],
              [
                2.095994730559558,
                41.445984912961514
              ],
              [
                2.095750547325212,
                41.446465168620655
              ],
              [
                2.095448220967792,
                41.446613408388295
              ],
              [
                2.095096336846964,
                41.446726499829055
              ],
              [
                2.09464810857076,
                41.446935809777806
              ],
              [
                2.093790886860402,
                41.44656640195305
              ],
              [
                2.092834198588498,
                41.446194651738914
              ],
              [
                2.090872548757976,
                41.4455057338902
              ],
              [
                2.090890953837337,
                41.44537147065774
              ],
              [
                2.09102958831639,
                41.44514856009695
              ],
              [
                2.091262167280498,
                41.44506327662674
              ],
              [
                2.091679325953878,
                41.44501678495418
              ],
              [
                2.091845386381805,
                41.44489498180734
              ],
              [
                2.092425569532598,
                41.44406075105975
              ],
              [
                2.092040898669225,
                41.443902438932405
              ],
              [
                2.091212679749767,
                41.443667250446715
              ],
              [
                2.090985698127455,
                41.44351404854926
              ],
              [
                2.090887094456958,
                41.44331123778491
              ],
              [
                2.090660674922352,
                41.44267601439459
              ],
              [
                2.090372680470669,
                41.441868023487494
              ],
              [
                2.09018628356023,
                41.44171280211727
              ],
              [
                2.090183146498562,
                41.44167964694249
              ],
              [
                2.090180102038742,
                41.441660959986976
              ],
              [
                2.090175715155543,
                41.44164655292207
              ],
              [
                2.090170095507349,
                41.44163254790673
              ],
              [
                2.090163904651328,
                41.44161978857967
              ],
              [
                2.090152791020574,
                41.44160261463431
              ],
              [
                2.090141648313213,
                41.44158752412986
              ],
              [
                2.090129981918567,
                41.44157447597266
              ],
              [
                2.090122200357929,
                41.44156236635681
              ],
              [
                2.09011474465241,
                41.44155095141657
              ],
              [
                2.090106867812426,
                41.441539949881694
              ],
              [
                2.090099932426248,
                41.44153093527579
              ],
              [
                2.090092307749979,
                41.441521706854054
              ],
              [
                2.090083448748987,
                41.4415116352068
              ],
              [
                2.090074585388049,
                41.44150187607514
              ],
              [
                2.090064212277746,
                41.44149116735699
              ],
              [
                2.090052599027949,
                41.441480032100955
              ],
              [
                2.090041386559264,
                41.4414699418477
              ],
              [
                2.090033725541162,
                41.44146331772461
              ],
              [
                2.090023868391539,
                41.441455321854676
              ],
              [
                2.090010034299117,
                41.44144458577373
              ],
              [
                2.089987805223207,
                41.44143032548624
              ],
              [
                2.089808446198685,
                41.4413151154685
              ],
              [
                2.089606547803998,
                41.44118399307479
              ],
              [
                2.089601985434811,
                41.441181039853646
              ],
              [
                2.089594916917887,
                41.441176608242415
              ],
              [
                2.089590969888043,
                41.44117420685094
              ],
              [
                2.089583279486951,
                41.441169692183145
              ],
              [
                2.089577442012504,
                41.441166338188346
              ],
              [
                2.089573559838559,
                41.441164249860044
              ],
              [
                2.089568612762896,
                41.44116158009994
              ],
              [
                2.089564042394383,
                41.44115919982372
              ],
              [
                2.089560021054494,
                41.441157162486164
              ],
              [
                2.089555311883564,
                41.44115480715779
              ],
              [
                2.089548675839762,
                41.44115162916716
              ],
              [
                2.089544618072191,
                41.441149721770444
              ],
              [
                2.089541350510402,
                41.44114823735747
              ],
              [
                2.089536913126592,
                41.44114624882043
              ],
              [
                2.089530478923149,
                41.441143489159536
              ],
              [
                2.089527416110706,
                41.44114221473278
              ],
              [
                2.089521599791866,
                41.44113982460071
              ],
              [
                2.089514611832747,
                41.44113706055925
              ],
              [
                2.089510196983082,
                41.44113538497434
              ],
              [
                2.089504419349443,
                41.44113325538227
              ],
              [
                2.089500251934424,
                41.44113176385111
              ],
              [
                2.089492845749171,
                41.44112920486766
              ],
              [
                2.08948822913479,
                41.441127657691496
              ],
              [
                2.089484507282515,
                41.441126482234665
              ],
              [
                2.089481337004495,
                41.4411254674157
              ],
              [
                2.089469168492178,
                41.441121881019605
              ],
              [
                2.089454549233848,
                41.44111780641163
              ],
              [
                2.089433299448674,
                41.441112637520135
              ],
              [
                2.089370201566221,
                41.441102686363934
              ],
              [
                2.089339924136033,
                41.441096896467805
              ],
              [
                2.089289695298056,
                41.44108483055499
              ],
              [
                2.089231138138413,
                41.441064364043015
              ],
              [
                2.089213245860456,
                41.441056721267465
              ],
              [
                2.089185789126518,
                41.44104379938403
              ],
              [
                2.089165119713115,
                41.441032899189466
              ],
              [
                2.089145480149467,
                41.441021491969146
              ],
              [
                2.089128744899358,
                41.44101031609279
              ],
              [
                2.089112831554173,
                41.440999771818916
              ],
              [
                2.089089273362403,
                41.44098145746507
              ],
              [
                2.089071488853297,
                41.44096610593383
              ],
              [
                2.089058367598053,
                41.44095391680837
              ],
              [
                2.089043276049249,
                41.44093785736609
              ],
              [
                2.089025395338298,
                41.44091573306332
              ],
              [
                2.089008940514495,
                41.440889172700395
              ],
              [
                2.088997010393106,
                41.44086633378171
              ],
              [
                2.088985973516113,
                41.44083683667276
              ],
              [
                2.088970016467133,
                41.44079361764616
              ],
              [
                2.088957876303306,
                41.440773717414544
              ],
              [
                2.088942589350172,
                41.44075379153116
              ],
              [
                2.088897487200761,
                41.440697476751026
              ],
              [
                2.088852385128793,
                41.44064116195365
              ],
              [
                2.088839700640615,
                41.44061067243836
              ],
              [
                2.088831283276857,
                41.440578933999376
              ],
              [
                2.088835705888575,
                41.44053390073632
              ],
              [
                2.088837589646964,
                41.44052397496999
              ],
              [
                2.088850226495929,
                41.44049156970361
              ],
              [
                2.088867176852751,
                41.440467533264275
              ],
              [
                2.088896361239883,
                41.440436026885344
              ],
              [
                2.088954773395065,
                41.440381545765426
              ],
              [
                2.0889878756713,
                41.44034556929516
              ],
              [
                2.088847558708661,
                41.44027307107104
              ],
              [
                2.088555678540605,
                41.43985118123913
              ],
              [
                2.087267660412549,
                41.43902898814191
              ],
              [
                2.086627408331609,
                41.43861208605179
              ],
              [
                2.086104134822087,
                41.438441147602965
              ],
              [
                2.08593364223927,
                41.438411825342854
              ],
              [
                2.085714001786402,
                41.43841487098399
              ],
              [
                2.085500053899084,
                41.43846585963808
              ],
              [
                2.085357602715235,
                41.43858405733305
              ],
              [
                2.084999759195231,
                41.43910190552335
              ],
              [
                2.083435588963901,
                41.43929917218495
              ],
              [
                2.081731749800374,
                41.4393668445825
              ],
              [
                2.081289992198317,
                41.43953340096314
              ],
              [
                2.080725074736154,
                41.43957222318012
              ],
              [
                2.078609847997401,
                41.43928662259926
              ],
              [
                2.078315197023534,
                41.43913598188539
              ],
              [
                2.077998976471175,
                41.43890106456031
              ],
              [
                2.077611674161929,
                41.438689450661634
              ],
              [
                2.077440552691219,
                41.43861333707296
              ],
              [
                2.077270522709966,
                41.43859885537528
              ],
              [
                2.07723060757118,
                41.43860064467161
              ],
              [
                2.076656432686558,
                41.43720092728061
              ],
              [
                2.075117295211109,
                41.436656190857384
              ],
              [
                2.072954488745339,
                41.43603131315352
              ],
              [
                2.073009706415877,
                41.4361008453725
              ],
              [
                2.073022985180623,
                41.43610986703248
              ],
              [
                2.073100434895924,
                41.43615917288913
              ],
              [
                2.07318702327587,
                41.43624708721803
              ],
              [
                2.073285997053721,
                41.43634757623754
              ],
              [
                2.073340212048489,
                41.4364484663271
              ],
              [
                2.073027867820273,
                41.43660692679412
              ],
              [
                2.072612904074608,
                41.436554593510365
              ],
              [
                2.072099774889342,
                41.436402470663225
              ],
              [
                2.07181269909371,
                41.436325079346226
              ],
              [
                2.071767830322869,
                41.43630236661521
              ],
              [
                2.071666166188455,
                41.43617366437956
              ],
              [
                2.07148964545374,
                41.43585631237401
              ],
              [
                2.071180698369348,
                41.43530087401386
              ],
              [
                2.0710596192079,
                41.43505203523269
              ],
              [
                2.070982183131205,
                41.43473988986665
              ],
              [
                2.070937801227736,
                41.43439867631608
              ],
              [
                2.07099787335177,
                41.4341932668309
              ],
              [
                2.071184096782833,
                41.43387197057587
              ],
              [
                2.071356358794241,
                41.43335320564884
              ],
              [
                2.071475460182958,
                41.4330779535535
              ],
              [
                2.072237317324657,
                41.43203987400953
              ],
              [
                2.073121779662883,
                41.43066516015026
              ],
              [
                2.073445764430015,
                41.43050493375851
              ],
              [
                2.073719471427402,
                41.43036814680084
              ],
              [
                2.073908078606119,
                41.43030299440352
              ],
              [
                2.074073284162928,
                41.43022621913565
              ],
              [
                2.074113632651255,
                41.430207468092085
              ],
              [
                2.074333291065405,
                41.43007024494553
              ],
              [
                2.074417899342026,
                41.430005450594535
              ],
              [
                2.074460945918912,
                41.42994399518033
              ],
              [
                2.074494070506424,
                41.42991640728354
              ],
              [
                2.074532094155914,
                41.42989451664366
              ],
              [
                2.074652314097245,
                41.429845432516544
              ],
              [
                2.074876485107773,
                41.429761060232146
              ],
              [
                2.074976258070127,
                41.429710352574524
              ],
              [
                2.07506507810606,
                41.42967439703636
              ],
              [
                2.075268452633141,
                41.429613005675535
              ],
              [
                2.075418185046952,
                41.42957639321045
              ],
              [
                2.075477916434548,
                41.429551662853726
              ],
              [
                2.075542393678861,
                41.42951436553374
              ],
              [
                2.075634826432796,
                41.42943833164615
              ],
              [
                2.075727453850003,
                41.42934854829858
              ],
              [
                2.075804905699468,
                41.42925520530756
              ],
              [
                2.075831111318552,
                41.42923249743777
              ],
              [
                2.075920190033857,
                41.429178208713566
              ],
              [
                2.076215587946147,
                41.42906942598417
              ],
              [
                2.076304568743623,
                41.42902201164334
              ],
              [
                2.076475032906298,
                41.42890303453228
              ],
              [
                2.076617187165904,
                41.428709156116675
              ],
              [
                2.076247534534049,
                41.428597122795594
              ],
              [
                2.0760476550671,
                41.42853651770914
              ],
              [
                2.075462390704233,
                41.428359158323765
              ],
              [
                2.075246870640873,
                41.42829735081063
              ],
              [
                2.074586314402451,
                41.428107907489206
              ],
              [
                2.074315928573509,
                41.42805101772974
              ],
              [
                2.074161049205889,
                41.42801842843652
              ],
              [
                2.074090951147737,
                41.428002807189934
              ],
              [
                2.07399237071907,
                41.42798293179415
              ],
              [
                2.07381817830697,
                41.42793192710503
              ],
              [
                2.073673320366688,
                41.4278664446298
              ],
              [
                2.073526002501105,
                41.4277998414545
              ],
              [
                2.073355025594299,
                41.42773323586514
              ],
              [
                2.073220958636982,
                41.42768100149426
              ],
              [
                2.073133003831913,
                41.427626874857175
              ],
              [
                2.07299150917959,
                41.427523265851946
              ],
              [
                2.073204811257537,
                41.42746043152467
              ],
              [
                2.073228062379943,
                41.42741555171802
              ],
              [
                2.073208474155837,
                41.42729430104221
              ],
              [
                2.07313862928485,
                41.42708185015647
              ],
              [
                2.073104735560058,
                41.42689240970546
              ],
              [
                2.073087708032037,
                41.42684845962989
              ],
              [
                2.073063478798491,
                41.42674938947159
              ],
              [
                2.07301133568266,
                41.42667173778534
              ],
              [
                2.072976333800898,
                41.42659137900946
              ],
              [
                2.072949821276739,
                41.42628911224958
              ],
              [
                2.072914973564707,
                41.42621229819422
              ],
              [
                2.072816839600482,
                41.42613093139996
              ],
              [
                2.0727172329928,
                41.42605713106333
              ],
              [
                2.072702428429141,
                41.42604223738868
              ],
              [
                2.072639863343766,
                41.42597929561868
              ],
              [
                2.072573270291711,
                41.42587231432152
              ],
              [
                2.072543686221357,
                41.42578278654257
              ],
              [
                2.072544639824166,
                41.4257565530891
              ],
              [
                2.072618312783864,
                41.425620295000606
              ],
              [
                2.072656113426086,
                41.425586308591186
              ],
              [
                2.072725836424138,
                41.42553852567148
              ],
              [
                2.072774049565032,
                41.42549420043581
              ],
              [
                2.072787609517373,
                41.42543775065356
              ],
              [
                2.072782852915297,
                41.42537357245362
              ],
              [
                2.072762499605434,
                41.425327066077756
              ],
              [
                2.072722041861411,
                41.4251857745808
              ],
              [
                2.072704688955516,
                41.42515284175683
              ],
              [
                2.072768716910645,
                41.425118149315296
              ],
              [
                2.073006364373364,
                41.42498938350134
              ],
              [
                2.073052730683564,
                41.42497470929077
              ],
              [
                2.07318751691447,
                41.42494418045666
              ],
              [
                2.073424004544292,
                41.424945634895124
              ],
              [
                2.073538118904614,
                41.42492989077373
              ],
              [
                2.073639201101167,
                41.42490340959922
              ],
              [
                2.073939914252285,
                41.42485894986877
              ],
              [
                2.074025529326463,
                41.42484253676555
              ],
              [
                2.074065586229515,
                41.424824008859765
              ],
              [
                2.074148405638329,
                41.424806894085044
              ],
              [
                2.074265538230935,
                41.42480809371488
              ],
              [
                2.074396470061281,
                41.424791613615774
              ],
              [
                2.074540367535327,
                41.42477998597767
              ],
              [
                2.074610221489932,
                41.424809546516954
              ],
              [
                2.074671402412703,
                41.424829291501304
              ],
              [
                2.074770225232563,
                41.42484816814508
              ],
              [
                2.07480050817583,
                41.42486725808408
              ],
              [
                2.074925933673618,
                41.424908744997715
              ],
              [
                2.075158753810572,
                41.42499590550471
              ],
              [
                2.075323668682772,
                41.42499420370493
              ],
              [
                2.075407931721295,
                41.424979280125974
              ],
              [
                2.075446719121224,
                41.42496221805997
              ],
              [
                2.075512184137672,
                41.424943918304734
              ],
              [
                2.07561204311794,
                41.424938267401714
              ],
              [
                2.075705035530633,
                41.424925175696956
              ],
              [
                2.075948288318334,
                41.424966238877595
              ],
              [
                2.076048122896546,
                41.42497758802999
              ],
              [
                2.076075057638374,
                41.42498589571718
              ],
              [
                2.076173903896472,
                41.4250028792537
              ],
              [
                2.076323473687927,
                41.425008952145504
              ],
              [
                2.076374603211902,
                41.42502575959077
              ],
              [
                2.076470081611375,
                41.425042238071356
              ],
              [
                2.07656159773602,
                41.42504320858972
              ],
              [
                2.076627978960121,
                41.42505328575948
              ],
              [
                2.076762982312023,
                41.42504354088059
              ],
              [
                2.076780993305886,
                41.425047134515054
              ],
              [
                2.076900942772867,
                41.42504946563756
              ],
              [
                2.077138540153471,
                41.42504770547767
              ],
              [
                2.077222472254409,
                41.42503834068304
              ],
              [
                2.077409382023414,
                41.42500090690138
              ],
              [
                2.077604917778408,
                41.424943442665715
              ],
              [
                2.077981467656951,
                41.424947467849094
              ],
              [
                2.078118204498062,
                41.42494176716583
              ],
              [
                2.078192496045427,
                41.42492518905898
              ],
              [
                2.078311450962249,
                41.42489864423441
              ],
              [
                2.078455781379684,
                41.42484039211086
              ],
              [
                2.078727606111204,
                41.424730687550394
              ],
              [
                2.078843753670323,
                41.42468381095523
              ],
              [
                2.078993827318014,
                41.424631149090345
              ],
              [
                2.079233963042479,
                41.424545034609686
              ],
              [
                2.079359291993964,
                41.424523632627896
              ],
              [
                2.079455050125431,
                41.4245072802486
              ],
              [
                2.07967930844059,
                41.42446898386551
              ],
              [
                2.079812811833805,
                41.424478660067855
              ],
              [
                2.079906680314765,
                41.42446572052838
              ],
              [
                2.080049598011531,
                41.424466983339734
              ],
              [
                2.080230599337841,
                41.424485549315484
              ],
              [
                2.080278050156528,
                41.424512198253545
              ],
              [
                2.080362860169199,
                41.424571215831975
              ],
              [
                2.080543525840858,
                41.424579395835806
              ],
              [
                2.080587852483183,
                41.424411825992124
              ],
              [
                2.080961583116336,
                41.42400438578813
              ],
              [
                2.080589163731678,
                41.42405891789737
              ],
              [
                2.080551898534819,
                41.42405481132977
              ],
              [
                2.080360800153039,
                41.423986738216996
              ],
              [
                2.08024550051531,
                41.423830042910815
              ],
              [
                2.08022427896557,
                41.42372781634159
              ],
              [
                2.080260149766062,
                41.42346628158112
              ],
              [
                2.080242399259041,
                41.42336238378682
              ],
              [
                2.080161418995859,
                41.42318450316031
              ],
              [
                2.080069082152531,
                41.42306486329015
              ],
              [
                2.079562651241629,
                41.42290732350222
              ],
              [
                2.07906280949202,
                41.42274793243446
              ],
              [
                2.078904953067243,
                41.42270966540018
              ],
              [
                2.078703851485574,
                41.422660914639806
              ],
              [
                2.078053288938661,
                41.422525719702605
              ],
              [
                2.077954642729833,
                41.42248799204377
              ],
              [
                2.077908058113962,
                41.42247838821342
              ],
              [
                2.077703247080534,
                41.42248914249022
              ],
              [
                2.07759840603014,
                41.42248936215877
              ],
              [
                2.077442175818576,
                41.42246066460928
              ],
              [
                2.077195696540177,
                41.42241538894552
              ],
              [
                2.077000263092269,
                41.42239692053101
              ],
              [
                2.076338416799614,
                41.42233395654641
              ],
              [
                2.076060802248498,
                41.42230813373645
              ],
              [
                2.075439330363567,
                41.422067974457576
              ],
              [
                2.075370313964068,
                41.422004863280165
              ],
              [
                2.075340361897702,
                41.42197730388781
              ],
              [
                2.075390494060943,
                41.421906857735515
              ],
              [
                2.075481786033568,
                41.42184375155389
              ],
              [
                2.075675486195586,
                41.42175534348641
              ],
              [
                2.075859709159571,
                41.42165063111467
              ],
              [
                2.076019720202481,
                41.42153911777977
              ],
              [
                2.076113278657392,
                41.42148995396854
              ],
              [
                2.076284832318798,
                41.421384390764395
              ],
              [
                2.076366714573932,
                41.42134820768381
              ],
              [
                2.076519302123833,
                41.42125765608042
              ],
              [
                2.076648526542317,
                41.42120169130636
              ],
              [
                2.0768177066057,
                41.42113882249044
              ],
              [
                2.076952949246654,
                41.421023051011886
              ],
              [
                2.077020742241094,
                41.42083654574741
              ],
              [
                2.077032355127793,
                41.42080569097984
              ],
              [
                2.0769964253491,
                41.42069622243965
              ],
              [
                2.076996273717143,
                41.420622185095525
              ],
              [
                2.077008927302455,
                41.4205797975259
              ],
              [
                2.076993057866261,
                41.42051760793563
              ],
              [
                2.07695917656533,
                41.420431919507045
              ],
              [
                2.076938660685998,
                41.4204120481822
              ],
              [
                2.076941118335274,
                41.42034003847391
              ],
              [
                2.076941718974004,
                41.42014962120006
              ],
              [
                2.076931218244197,
                41.42010322828288
              ],
              [
                2.076955322963449,
                41.42003788155677
              ],
              [
                2.076959478100707,
                41.41995982076646
              ],
              [
                2.076938982857271,
                41.419905602502425
              ],
              [
                2.076851119133579,
                41.41979147925168
              ],
              [
                2.076830508871761,
                41.41961279241704
              ],
              [
                2.076831194461614,
                41.419532653396296
              ],
              [
                2.076855033551193,
                41.419483007813916
              ],
              [
                2.076902891946866,
                41.41942564847093
              ],
              [
                2.076953753134569,
                41.41938888908539
              ],
              [
                2.077074006407661,
                41.41935010690782
              ],
              [
                2.077119567131031,
                41.41931872086185
              ],
              [
                2.077196833951229,
                41.419244503253736
              ],
              [
                2.077272500892993,
                41.41922627339591
              ],
              [
                2.077345066989475,
                41.41919044961241
              ],
              [
                2.077394173291041,
                41.41913697762129
              ],
              [
                2.077446768009418,
                41.41907970696068
              ],
              [
                2.077515315010646,
                41.4190261817406
              ],
              [
                2.077557101293244,
                41.41893167989977
              ],
              [
                2.077569779674999,
                41.418917033619955
              ],
              [
                2.077607729874091,
                41.4188061622909
              ],
              [
                2.077656164075015,
                41.41869746037303
              ],
              [
                2.077649933461234,
                41.41859751379053
              ],
              [
                2.077992480145189,
                41.418643530227186
              ],
              [
                2.078182615972058,
                41.418702114737464
              ],
              [
                2.078474153788075,
                41.418826319290005
              ],
              [
                2.078757665300808,
                41.41886398959491
              ],
              [
                2.078687310316507,
                41.41878157820574
              ],
              [
                2.07862133498321,
                41.41865204084219
              ],
              [
                2.078614758639636,
                41.41863864163114
              ],
              [
                2.078603666201273,
                41.41857333871554
              ],
              [
                2.078604781799084,
                41.41852914409726
              ],
              [
                2.078640985589373,
                41.418484185564104
              ],
              [
                2.078737231755806,
                41.41844338957182
              ],
              [
                2.078761963219288,
                41.4184218714699
              ],
              [
                2.078768725038403,
                41.418395696811295
              ],
              [
                2.078767542834493,
                41.41836911951926
              ],
              [
                2.078727139050409,
                41.41829507762888
              ],
              [
                2.078686222054352,
                41.41818417852146
              ],
              [
                2.078670143258053,
                41.41815983498984
              ],
              [
                2.078649048159631,
                41.41805230828651
              ],
              [
                2.078647628355272,
                41.41800400321779
              ],
              [
                2.078672060735607,
                41.41792938613941
              ],
              [
                2.078746556605332,
                41.417903940868285
              ],
              [
                2.078792431002801,
                41.41787781226409
              ],
              [
                2.078915640642415,
                41.417761441035864
              ],
              [
                2.079031957646441,
                41.41760116896314
              ],
              [
                2.079086392333453,
                41.41746400710041
              ],
              [
                2.079135211489935,
                41.41730428049048
              ],
              [
                2.079165951095073,
                41.417203706164265
              ],
              [
                2.079196205441634,
                41.417104719192466
              ],
              [
                2.079239144906491,
                41.41700905258611
              ],
              [
                2.079260902246063,
                41.41693408353862
              ],
              [
                2.07926301796698,
                41.416783321067015
              ],
              [
                2.079282960047145,
                41.416747107666815
              ],
              [
                2.079476130994236,
                41.4165163452539
              ],
              [
                2.079552715200821,
                41.416447702218434
              ],
              [
                2.079740590713855,
                41.416328213011056
              ],
              [
                2.079809268441268,
                41.416245857649365
              ],
              [
                2.079744413044727,
                41.4156592427696
              ],
              [
                2.07963424644619,
                41.4156372434327
              ],
              [
                2.079504632381396,
                41.41559683407935
              ],
              [
                2.079457460651522,
                41.41556812696624
              ],
              [
                2.079421967109999,
                41.41551944098399
              ],
              [
                2.079342568535163,
                41.415389551012964
              ],
              [
                2.079242268546548,
                41.41528136780763
              ],
              [
                2.079044099074898,
                41.41513301129343
              ],
              [
                2.079024482790792,
                41.41510157771283
              ],
              [
                2.079020048569605,
                41.415075442852604
              ],
              [
                2.079032981656549,
                41.41504362362805
              ],
              [
                2.07912301736281,
                41.41497827072187
              ],
              [
                2.079066991701927,
                41.41493554179118
              ],
              [
                2.078896349456299,
                41.4149508662421
              ],
              [
                2.078585185566098,
                41.41497880950566
              ],
              [
                2.078011632489107,
                41.415241450773614
              ],
              [
                2.077822006403826,
                41.41532057120948
              ],
              [
                2.077538792723935,
                41.41541367060795
              ],
              [
                2.077220742966063,
                41.415465600332844
              ],
              [
                2.077077862348743,
                41.41548892891915
              ],
              [
                2.076948908104916,
                41.415520153890995
              ],
              [
                2.076810024775993,
                41.415578884064345
              ],
              [
                2.076152790547516,
                41.416076965274854
              ],
              [
                2.076004477699144,
                41.41611705694186
              ],
              [
                2.075864508495505,
                41.41611271940464
              ],
              [
                2.075765806472478,
                41.416097092439266
              ],
              [
                2.075648807865031,
                41.41607278325307
              ],
              [
                2.075574536710004,
                41.41605732423243
              ],
              [
                2.075476228173213,
                41.41601674814898
              ],
              [
                2.075341697554753,
                41.415954039153384
              ],
              [
                2.075219305184431,
                41.41592008342103
              ],
              [
                2.075188593830269,
                41.41592280968678
              ],
              [
                2.075152042500096,
                41.41593773258822
              ],
              [
                2.075118001691396,
                41.415964721019336
              ],
              [
                2.07509786541912,
                41.41601772532767
              ],
              [
                2.075078905758992,
                41.41607755107574
              ],
              [
                2.07497976140086,
                41.416251462748214
              ],
              [
                2.07495892857927,
                41.416272563917566
              ],
              [
                2.074910380302195,
                41.416303657058386
              ],
              [
                2.074827302314104,
                41.41635233730588
              ],
              [
                2.07427578657655,
                41.416555460390335
              ],
              [
                2.074213961040219,
                41.41661585550528
              ],
              [
                2.074178780205002,
                41.416678402761455
              ],
              [
                2.074154248307905,
                41.41675591765899
              ],
              [
                2.074140451524603,
                41.41677835925924
              ],
              [
                2.074108369420677,
                41.416844844202174
              ],
              [
                2.074029441477657,
                41.416948531142836
              ],
              [
                2.073983830751558,
                41.417019141604015
              ],
              [
                2.073943046175327,
                41.417093469259115
              ],
              [
                2.073929694651958,
                41.41714072775485
              ],
              [
                2.073929196837403,
                41.417140894531116
              ],
              [
                2.073928651784705,
                41.4171410801999
              ],
              [
                2.073928108360286,
                41.41714126855554
              ],
              [
                2.073927566599495,
                41.4171414596088
              ],
              [
                2.073927026538115,
                41.41714165337039
              ],
              [
                2.073926488212281,
                41.41714184985052
              ],
              [
                2.073925951658528,
                41.41714204905904
              ],
              [
                2.073925416913744,
                41.41714225100552
              ],
              [
                2.073924884015195,
                41.41714245569891
              ],
              [
                2.073924353000496,
                41.417142663147956
              ],
              [
                2.073923823907595,
                41.41714287336091
              ],
              [
                2.073923296774777,
                41.41714308634574
              ],
              [
                2.073922771640636,
                41.41714330210977
              ],
              [
                2.07392224854408,
                41.41714352066
              ],
              [
                2.073921727524293,
                41.41714374200284
              ],
              [
                2.073921208620746,
                41.417143966144295
              ],
              [
                2.073920691873161,
                41.417144193089925
              ],
              [
                2.073920177321518,
                41.41714442284463
              ],
              [
                2.073919665006018,
                41.41714465541288
              ],
              [
                2.073919154967061,
                41.4171448907987
              ],
              [
                2.073918647245274,
                41.41714512900538
              ],
              [
                2.073918141881419,
                41.417145370035676
              ],
              [
                2.073917638916449,
                41.417145613891805
              ],
              [
                2.073917138391429,
                41.41714586057566
              ],
              [
                2.073916640347546,
                41.41714611008801
              ],
              [
                2.073916144826098,
                41.41714636242944
              ],
              [
                2.073915651868444,
                41.41714661759975
              ],
              [
                2.073915161515993,
                41.4171468755982
              ],
              [
                2.073914673810196,
                41.41714713642323
              ],
              [
                2.073914188792485,
                41.417147400072736
              ],
              [
                2.073913706504298,
                41.41714766654418
              ],
              [
                2.07391322698704,
                41.41714793583392
              ],
              [
                2.073912750282003,
                41.41714820793797
              ],
              [
                2.073912276430455,
                41.41714848285153
              ],
              [
                2.073911805473476,
                41.41714876056924
              ],
              [
                2.07391133745207,
                41.41714904108488
              ],
              [
                2.073910872407016,
                41.41714932439156
              ],
              [
                2.073910410378941,
                41.41714961048177
              ],
              [
                2.073909951408222,
                41.417149899347365
              ],
              [
                2.073909495535004,
                41.41715019097931
              ],
              [
                2.073909042799138,
                41.417150485367934
              ],
              [
                2.0739085932402,
                41.417150782502894
              ],
              [
                2.073908146897417,
                41.41715108237309
              ],
              [
                2.073907703809653,
                41.41715138496669
              ],
              [
                2.073907264015424,
                41.41715169027127
              ],
              [
                2.073906827552792,
                41.41715199827355
              ],
              [
                2.073906394459393,
                41.41715230895971
              ],
              [
                2.073905964772426,
                41.41715262231497
              ],
              [
                2.073905538528562,
                41.41715293832426
              ],
              [
                2.073905115763981,
                41.41715325697135
              ],
              [
                2.073904696514312,
                41.41715357823971
              ],
              [
                2.073904280814623,
                41.417153902111785
              ],
              [
                2.073903868699356,
                41.417154228569835
              ],
              [
                2.07390346020239,
                41.417154557594934
              ],
              [
                2.073903055356928,
                41.41715488916791
              ],
              [
                2.073902654195516,
                41.417155223268765
              ],
              [
                2.073902256750011,
                41.4171555598769
              ],
              [
                2.073901863051575,
                41.41715589897112
              ],
              [
                2.073901473130625,
                41.41715624052952
              ],
              [
                2.07390108701683,
                41.41715658452987
              ],
              [
                2.073900704739102,
                41.41715693094923
              ],
              [
                2.073900326325549,
                41.41715727976408
              ],
              [
                2.073899951803508,
                41.41715763095027
              ],
              [
                2.073899581199449,
                41.417157984483374
              ],
              [
                2.073899214539023,
                41.417158340338354
              ],
              [
                2.073898851847052,
                41.417158698489565
              ],
              [
                2.073898493147478,
                41.41715905891118
              ],
              [
                2.073898138463341,
                41.41715942157662
              ],
              [
                2.073897787816823,
                41.41715978645912
              ],
              [
                2.073897441229202,
                41.4171601535315
              ],
              [
                2.073897098720856,
                41.41716052276606
              ],
              [
                2.07389676031122,
                41.41716089413478
              ],
              [
                2.073896426018823,
                41.41716126760944
              ],
              [
                2.073896095861294,
                41.41716164316136
              ],
              [
                2.073895769855277,
                41.41716202076172
              ],
              [
                2.07389544801653,
                41.417162400381336
              ],
              [
                2.073895130359853,
                41.41716278199076
              ],
              [
                2.073894816899116,
                41.41716316556038
              ],
              [
                2.073894507647247,
                41.41716355106039
              ],
              [
                2.073894202616229,
                41.417163938460895
              ],
              [
                2.073893901817154,
                41.41716432773181
              ],
              [
                2.073893605260145,
                41.41716471884269
              ],
              [
                2.073893312954437,
                41.417165111763424
              ],
              [
                2.073893024908324,
                41.41716550646354
              ],
              [
                2.073892741129203,
                41.417165902912664
              ],
              [
                2.073892461623575,
                41.41716630108023
              ],
              [
                2.073892186397051,
                41.417166700935816
              ],
              [
                2.073891915454433,
                41.41716710244902
              ],
              [
                2.073891648800679,
                41.417167505587564
              ],
              [
                2.073891386439596,
                41.41716791032001
              ],
              [
                2.073891128373881,
                41.41716831661498
              ],
              [
                2.07389087460539,
                41.4171687244413
              ],
              [
                2.07389062513517,
                41.417169133768
              ],
              [
                2.073890379963452,
                41.41716954456391
              ],
              [
                2.073890139089716,
                41.41716995679814
              ],
              [
                2.073889902512652,
                41.417170370439884
              ],
              [
                2.073889670230209,
                41.41717078545838
              ],
              [
                2.073889442239615,
                41.417171201822995
              ],
              [
                2.073889218537376,
                41.41717161950337
              ],
              [
                2.073888999119328,
                41.41717203846925
              ],
              [
                2.073888783980625,
                41.41717245869046
              ],
              [
                2.073888573115752,
                41.41717288013703
              ],
              [
                2.073888366518566,
                41.41717330277929
              ],
              [
                2.073888164182341,
                41.41717372658762
              ],
              [
                2.07388796609973,
                41.4171741515328
              ],
              [
                2.073887772262793,
                41.417174577585556
              ],
              [
                2.07388758266305,
                41.41717500471713
              ],
              [
                2.073887397291503,
                41.417175432898766
              ],
              [
                2.073887216138603,
                41.41717586210201
              ],
              [
                2.0738870391943,
                41.417176292298805
              ],
              [
                2.073886866448103,
                41.41717672346111
              ],
              [
                2.073886697889016,
                41.4171771555613
              ],
              [
                2.073886533505616,
                41.417177588571974
              ],
              [
                2.073886373286059,
                41.417178022466004
              ],
              [
                2.073886217218067,
                41.41717845721657
              ],
              [
                2.073886065289021,
                41.41717889279707
              ],
              [
                2.073885917485907,
                41.41717932918119
              ],
              [
                2.07388577379532,
                41.417179766342954
              ],
              [
                2.073885634203581,
                41.417180204256596
              ],
              [
                2.073885498696664,
                41.41718064289671
              ],
              [
                2.073885367260223,
                41.41718108223811
              ],
              [
                2.07388523987965,
                41.41718152225611
              ],
              [
                2.073885116540076,
                41.41718196292607
              ],
              [
                2.073884997226336,
                41.417182404223745
              ],
              [
                2.073884881923059,
                41.41718284612522
              ],
              [
                2.073884770614656,
                41.41718328860688
              ],
              [
                2.073884663285314,
                41.41718373164532
              ],
              [
                2.073884559919028,
                41.41718417521758
              ],
              [
                2.073884460499609,
                41.4171846193008
              ],
              [
                2.073884365010728,
                41.417185063872786
              ],
              [
                2.073884273435867,
                41.41718550891107
              ],
              [
                2.073884185758391,
                41.41718595439415
              ],
              [
                2.073884101961542,
                41.41718640030023
              ],
              [
                2.07388402202844,
                41.41718684660822
              ],
              [
                2.073883945942116,
                41.41718729329705
              ],
              [
                2.073883873685499,
                41.417187740346186
              ],
              [
                2.073883805241445,
                41.41718818773525
              ],
              [
                2.073883740592744,
                41.4171886354441
              ],
              [
                2.073883679722127,
                41.41718908345293
              ],
              [
                2.073883622612289,
                41.41718953174225
              ],
              [
                2.073883569245878,
                41.41718998029297
              ],
              [
                2.07388351960554,
                41.41719042908597
              ],
              [
                2.073883473673888,
                41.417190878102645
              ],
              [
                2.073883431433522,
                41.417191327324616
              ],
              [
                2.073883392867062,
                41.41719177673368
              ],
              [
                2.073883357957125,
                41.417192226312075
              ],
              [
                2.073883326686382,
                41.41719267604209
              ],
              [
                2.073883299037479,
                41.417193125906465
              ],
              [
                2.073883274993139,
                41.41719357588803
              ],
              [
                2.073883254536108,
                41.417194025970005
              ],
              [
                2.073883237649201,
                41.41719447613575
              ],
              [
                2.07388322431526,
                41.417194926369014
              ],
              [
                2.073883214517237,
                41.417195376653595
              ],
              [
                2.073883208238103,
                41.41719582697365
              ],
              [
                2.073883205460944,
                41.417196277313586
              ],
              [
                2.073883206168904,
                41.41719672765799
              ],
              [
                2.073883210345232,
                41.41719717799158
              ],
              [
                2.073883217973255,
                41.41719762829945
              ],
              [
                2.073883229036422,
                41.41719807856678
              ],
              [
                2.073883243518241,
                41.41719852877922
              ],
              [
                2.073883261402384,
                41.417198978922215
              ],
              [
                2.073883282672596,
                41.41719942898177
              ],
              [
                2.073883307312742,
                41.417199878943954
              ],
              [
                2.073883335306816,
                41.417200328794976
              ],
              [
                2.07388336663894,
                41.41720077852128
              ],
              [
                2.073883401293352,
                41.417201228109576
              ],
              [
                2.07388343925442,
                41.41720167754668
              ],
              [
                2.073883480506668,
                41.41720212681948
              ],
              [
                2.073883525034733,
                41.4172025759153
              ],
              [
                2.073883572823407,
                41.41720302482135
              ],
              [
                2.073883623857598,
                41.41720347352519
              ],
              [
                2.073883678122327,
                41.41720392201409
              ],
              [
                2.07388373560279,
                41.41720437027557
              ],
              [
                2.073883796284351,
                41.41720481829784
              ],
              [
                2.073883860152514,
                41.41720526606887
              ],
              [
                2.073883927192938,
                41.41720571357702
              ],
              [
                2.073883997391444,
                41.41720616081063
              ],
              [
                2.073884070733993,
                41.41720660775817
              ],
              [
                2.073884147206717,
                41.41720705440844
              ],
              [
                2.073884226795899,
                41.41720750075007
              ],
              [
                2.073884309487995,
                41.417207946771974
              ],
              [
                2.073884395269579,
                41.41720839246321
              ],
              [
                2.073884484127442,
                41.41720883781289
              ],
              [
                2.073884576048498,
                41.41720928281026
              ],
              [
                2.073884671019849,
                41.4172097274445
              ],
              [
                2.073884769028743,
                41.41721017170526
              ],
              [
                2.073884870062586,
                41.417210615581965
              ],
              [
                2.073884974108973,
                41.41721105906424
              ],
              [
                2.073885081155642,
                41.41721150214176
              ],
              [
                2.073885191190507,
                41.41721194480438
              ],
              [
                2.073885304201649,
                41.41721238704213
              ],
              [
                2.073885420177309,
                41.41721282884471
              ],
              [
                2.073885539105899,
                41.41721327020233
              ],
              [
                2.073885660975998,
                41.41721371110515
              ],
              [
                2.073885785776334,
                41.417214151543256
              ],
              [
                2.07388591349583,
                41.41721459150703
              ],
              [
                2.073886044123556,
                41.41721503098673
              ],
              [
                2.073886177648759,
                41.417215469972824
              ],
              [
                2.073886314060831,
                41.41721590845566
              ],
              [
                2.07388645334935,
                41.41721634642581
              ],
              [
                2.073886595504068,
                41.417216783873805
              ],
              [
                2.073886740514869,
                41.417217220790384
              ],
              [
                2.073886888371829,
                41.417217657166
              ],
              [
                2.073887039065168,
                41.4172180929915
              ],
              [
                2.073887192585315,
                41.41721852825767
              ],
              [
                2.073887348922792,
                41.417218962955126
              ],
              [
                2.073887508068336,
                41.41721939707482
              ],
              [
                2.073887670012839,
                41.417219830607614
              ],
              [
                2.073887834747337,
                41.41722026354423
              ],
              [
                2.073888002263044,
                41.41722069587577
              ],
              [
                2.073888172551319,
                41.417221127592995
              ],
              [
                2.0738883456037,
                41.4172215586869
              ],
              [
                2.073888521411864,
                41.4172219891485
              ],
              [
                2.07388869996766,
                41.417222418968834
              ],
              [
                2.073888881263094,
                41.417222848138636
              ],
              [
                2.073889065290321,
                41.41722327664919
              ],
              [
                2.073889252041659,
                41.41722370449133
              ],
              [
                2.073889441509561,
                41.41722413165611
              ],
              [
                2.073889633686667,
                41.41722455813452
              ],
              [
                2.073889828565757,
                41.417224983917606
              ],
              [
                2.073890026139744,
                41.417225408996295
              ],
              [
                2.073890226401709,
                41.41722583336162
              ],
              [
                2.073890429344884,
                41.41722625700459
              ],
              [
                2.073890634962653,
                41.41722667991608
              ],
              [
                2.073890843248525,
                41.4172271020871
              ],
              [
                2.073891054196191,
                41.41722752350861
              ],
              [
                2.073891267799452,
                41.41722794417146
              ],
              [
                2.073891484052286,
                41.41722836406656
              ],
              [
                2.073891702948781,
                41.41722878318472
              ],
              [
                2.073891924483203,
                41.41722920151677
              ],
              [
                2.073892148649928,
                41.41722961905358
              ],
              [
                2.073892375443499,
                41.417230035785735
              ],
              [
                2.073892604858554,
                41.41723045170417
              ],
              [
                2.073892836889929,
                41.41723086679933
              ],
              [
                2.073893071532548,
                41.41723128106204
              ],
              [
                2.073893308781471,
                41.41723169448282
              ],
              [
                2.073893548631931,
                41.41723210705209
              ],
              [
                2.073893791079259,
                41.4172325187605
              ],
              [
                2.073894036118905,
                41.41723292959834
              ],
              [
                2.073894283746493,
                41.41723333955608
              ],
              [
                2.073894533957732,
                41.41723374862404
              ],
              [
                2.073894786748478,
                41.41723415679231
              ],
              [
                2.073895042114707,
                41.41723456405129
              ],
              [
                2.073895300052514,
                41.41723497039095
              ],
              [
                2.073895560558128,
                41.41723537580137
              ],
              [
                2.073895823627861,
                41.417235780272584
              ],
              [
                2.07389608925821,
                41.4172361837943
              ],
              [
                2.073896357445714,
                41.41723658635662
              ],
              [
                2.073896628187065,
                41.417236987949025
              ],
              [
                2.073896901479093,
                41.41723738856125
              ],
              [
                2.07389717731868,
                41.41723778818287
              ],
              [
                2.073897455702851,
                41.41723818680345
              ],
              [
                2.073897736628743,
                41.41723858441223
              ],
              [
                2.07389802009359,
                41.417238980998484
              ],
              [
                2.07389830609473,
                41.41723937655155
              ],
              [
                2.073898594629604,
                41.41723977106042
              ],
              [
                2.073898885695748,
                41.41724016451419
              ],
              [
                2.073899179291029,
                41.41724055690184
              ],
              [
                2.073899475413401,
                41.41724094821262
              ],
              [
                2.073899774060658,
                41.41724133843511
              ],
              [
                2.073900075230677,
                41.41724172755765
              ],
              [
                2.073900378921457,
                41.417242115568776
              ],
              [
                2.07390068513106,
                41.41724250245669
              ],
              [
                2.073900993857652,
                41.41724288820964
              ],
              [
                2.073901305099517,
                41.41724327281559
              ],
              [
                2.073901618854969,
                41.41724365626251
              ],
              [
                2.073901935122448,
                41.41724403853814
              ],
              [
                2.073902253900451,
                41.41724441963032
              ],
              [
                2.073902575187564,
                41.41724479952652
              ],
              [
                2.073902898982458,
                41.417245178214195
              ],
              [
                2.073903225283869,
                41.41724555568056
              ],
              [
                2.073903554090576,
                41.417245931912774
              ],
              [
                2.073903885401471,
                41.41724630689791
              ],
              [
                2.073904219215461,
                41.41724668062288
              ],
              [
                2.073904555531577,
                41.41724705307425
              ],
              [
                2.073904894348844,
                41.41724742423878
              ],
              [
                2.07390523566637,
                41.41724779410258
              ],
              [
                2.07390557948332,
                41.41724816265215
              ],
              [
                2.073905925798876,
                41.41724852987348
              ],
              [
                2.073906274612313,
                41.41724889575264
              ],
              [
                2.073906625922901,
                41.417249260275305
              ],
              [
                2.073906979729961,
                41.41724962342704
              ],
              [
                2.07390733603285,
                41.417249985193266
              ],
              [
                2.073907694830952,
                41.41725034555927
              ],
              [
                2.073908056123675,
                41.41725070451012
              ],
              [
                2.073908419910448,
                41.41725106203066
              ],
              [
                2.073908786190708,
                41.41725141810567
              ],
              [
                2.073909154963907,
                41.417251772719645
              ],
              [
                2.073909526229507,
                41.41725212585684
              ],
              [
                2.073909899986975,
                41.41725247750148
              ],
              [
                2.073910276235764,
                41.417252827637434
              ],
              [
                2.073910654975339,
                41.41725317624846
              ],
              [
                2.073911036205119,
                41.417253523318095
              ],
              [
                2.073911419924529,
                41.41725386882976
              ],
              [
                2.073911806132981,
                41.41725421276642
              ],
              [
                2.073912194829834,
                41.41725455511108
              ],
              [
                2.073912586014409,
                41.417254895846455
              ],
              [
                2.073912979686026,
                41.417255234955036
              ],
              [
                2.073913375843928,
                41.41725557241915
              ],
              [
                2.073913774487294,
                41.41725590822077
              ],
              [
                2.073914175615283,
                41.41725624234171
              ],
              [
                2.073914579226956,
                41.41725657476371
              ],
              [
                2.073914985321313,
                41.41725690546801
              ],
              [
                2.073915393897301,
                41.417257234435915
              ],
              [
                2.073915804953746,
                41.417257561648334
              ],
              [
                2.073916218489401,
                41.41725788708588
              ],
              [
                2.073916634502918,
                41.417258210729095
              ],
              [
                2.073917052992853,
                41.41725853255825
              ],
              [
                2.073917473957622,
                41.41725885255332
              ],
              [
                2.073917897395566,
                41.417259170693924
              ],
              [
                2.073918323304841,
                41.41725948695992
              ],
              [
                2.073918751683519,
                41.41725980133033
              ],
              [
                2.073919182529492,
                41.41726011378426
              ],
              [
                2.07391961584051,
                41.417260424300665
              ],
              [
                2.073920051614187,
                41.417260732857926
              ],
              [
                2.073920489847911,
                41.41726103943445
              ],
              [
                2.073920930538953,
                41.41726134400841
              ],
              [
                2.07392137368436,
                41.417261646557606
              ],
              [
                2.073921819280984,
                41.41726194705959
              ],
              [
                2.073922267325491,
                41.417262245491834
              ],
              [
                2.073922717814308,
                41.41726254183141
              ],
              [
                2.07392317074366,
                41.417262836055244
              ],
              [
                2.073923626109509,
                41.41726312813997
              ],
              [
                2.073924083907609,
                41.41726341806194
              ],
              [
                2.073924544133413,
                41.41726370579754
              ],
              [
                2.073925006782156,
                41.41726399132248
              ],
              [
                2.073925471848761,
                41.417264274612684
              ],
              [
                2.073925939327895,
                41.41726455564343
              ],
              [
                2.073926409213885,
                41.41726483439025
              ],
              [
                2.073926881500796,
                41.41726511082797
              ],
              [
                2.073927356182353,
                41.417265384931596
              ],
              [
                2.073927833251943,
                41.41726565667559
              ],
              [
                2.07392831270262,
                41.417265926034375
              ],
              [
                2.073928794527087,
                41.417266192982254
              ],
              [
                2.073929278717677,
                41.4172664574931
              ],
              [
                2.073929765266337,
                41.417266719540756
              ],
              [
                2.073930254164658,
                41.41726697909876
              ],
              [
                2.073930745403792,
                41.417267236140646
              ],
              [
                2.073931238974488,
                41.417267490639475
              ],
              [
                2.073931734867113,
                41.417267742568455
              ],
              [
                2.073932233071521,
                41.417267991900445
              ],
              [
                2.07393120545901,
                41.41729745433314
              ],
              [
                2.073879169717445,
                41.417392728461124
              ],
              [
                2.073871561396563,
                41.417522481829316
              ],
              [
                2.073871845660106,
                41.41758291041147
              ],
              [
                2.073740077433947,
                41.417609495557265
              ],
              [
                2.073580880054781,
                41.417635967029575
              ],
              [
                2.073343237754895,
                41.41766310266508
              ],
              [
                2.073161581212799,
                41.41768033330249
              ],
              [
                2.073137608006509,
                41.41768452726766
              ],
              [
                2.073106891924094,
                41.41769126407091
              ],
              [
                2.073076627865486,
                41.41769919842021
              ],
              [
                2.073046941910758,
                41.41770831306707
              ],
              [
                2.073017979353946,
                41.41771855551228
              ],
              [
                2.072989799879416,
                41.417729884313296
              ],
              [
                2.072963411508122,
                41.41774185989128
              ],
              [
                2.072960875881379,
                41.41774304012566
              ],
              [
                2.072937794892291,
                41.41775539141965
              ],
              [
                2.072914681293559,
                41.41776890348235
              ],
              [
                2.072892332958098,
                41.41778318543107
              ],
              [
                2.072870793915403,
                41.41779817638215
              ],
              [
                2.072850112702642,
                41.41781386853843
              ],
              [
                2.072830364828726,
                41.41783019689434
              ],
              [
                2.072811599234215,
                41.417847115870764
              ],
              [
                2.072666460538619,
                41.4180128013353
              ],
              [
                2.072456404265586,
                41.418172436523676
              ],
              [
                2.072327524648699,
                41.418270379797875
              ],
              [
                2.072176133320909,
                41.41826972918704
              ],
              [
                2.071991479009226,
                41.41826984948786
              ],
              [
                2.071856303883933,
                41.41826941888952
              ],
              [
                2.07168789831304,
                41.418277703269716
              ],
              [
                2.071593654647778,
                41.41828657694932
              ],
              [
                2.07137869688565,
                41.41826754593913
              ],
              [
                2.071174408521579,
                41.418240218255406
              ],
              [
                2.071124479671829,
                41.41823774523383
              ],
              [
                2.070983357634192,
                41.4182632021281
              ],
              [
                2.070914719638659,
                41.41828243309038
              ],
              [
                2.070851788136912,
                41.41831493505925
              ],
              [
                2.070836730673414,
                41.41832384733023
              ],
              [
                2.070819816891703,
                41.418341348020036
              ],
              [
                2.070777758455587,
                41.41841460587028
              ],
              [
                2.070707014516509,
                41.418521819889506
              ],
              [
                2.070675060845212,
                41.41855835517685
              ],
              [
                2.070542912193717,
                41.41866272956981
              ],
              [
                2.070490887769612,
                41.41871068643586
              ],
              [
                2.070484953743568,
                41.418812096878305
              ],
              [
                2.070402079081378,
                41.41926492849022
              ],
              [
                2.070239148383076,
                41.42015517102974
              ],
              [
                2.070170839547086,
                41.420977347239294
              ],
              [
                2.069960461214935,
                41.42134308349465
              ],
              [
                2.069795306452929,
                41.42176610369873
              ],
              [
                2.069873858117887,
                41.422702949445274
              ],
              [
                2.06954344002258,
                41.423051740770624
              ],
              [
                2.069397633784054,
                41.423354089572584
              ],
              [
                2.069674059719348,
                41.42517607836482
              ],
              [
                2.069336385725924,
                41.4252650583478
              ],
              [
                2.067655550001333,
                41.42599161275505
              ],
              [
                2.067044552194569,
                41.42626654020182
              ],
              [
                2.067015517314694,
                41.42635773746079
              ],
              [
                2.067005402623064,
                41.42641575632759
              ],
              [
                2.067014728657405,
                41.426491427281746
              ],
              [
                2.067048898880912,
                41.42656571082293
              ],
              [
                2.067083872206822,
                41.42662534890344
              ],
              [
                2.067120096286343,
                41.42675165507398
              ],
              [
                2.067115954477406,
                41.426814660463485
              ],
              [
                2.067104099621189,
                41.42685065165184
              ],
              [
                2.0669728531936,
                41.42698879919744
              ],
              [
                2.066862737443485,
                41.4272157096503
              ],
              [
                2.06681382966412,
                41.42726976451397
              ],
              [
                2.066803809734076,
                41.42732188965002
              ],
              [
                2.066818448445261,
                41.42738846813748
              ],
              [
                2.066856783023284,
                41.427454166550376
              ],
              [
                2.066927506955904,
                41.42754064639778
              ],
              [
                2.066956677138688,
                41.427646544553006
              ],
              [
                2.067001397760243,
                41.42774064114885
              ],
              [
                2.06711152963966,
                41.42786976792863
              ],
              [
                2.06716318640166,
                41.427905349176754
              ],
              [
                2.067292265630438,
                41.42802950861108
              ],
              [
                2.067444520936761,
                41.428159488992044
              ],
              [
                2.06746643363092,
                41.42821268251491
              ],
              [
                2.067459257513357,
                41.42828963278104
              ],
              [
                2.067439872349388,
                41.42834850615685
              ],
              [
                2.067441643327726,
                41.4284165092182
              ],
              [
                2.067463208135967,
                41.42854066747496
              ],
              [
                2.067495425876082,
                41.428642165541646
              ],
              [
                2.067572488180173,
                41.42870302697968
              ],
              [
                2.067719035653686,
                41.428739815734964
              ],
              [
                2.067768122765836,
                41.42874699114026
              ],
              [
                2.067866488848388,
                41.428796871760824
              ],
              [
                2.067866723503246,
                41.42884437345895
              ],
              [
                2.06786674870189,
                41.428849474479215
              ],
              [
                2.06788341532426,
                41.42900753141643
              ],
              [
                2.067830305882441,
                41.42913091152091
              ],
              [
                2.06776577948632,
                41.42921584102368
              ],
              [
                2.067733657227066,
                41.42937644805426
              ],
              [
                2.067813672853207,
                41.42954478361467
              ],
              [
                2.067395919642259,
                41.42953524832555
              ],
              [
                2.066652977498908,
                41.429766186393294
              ],
              [
                2.066412478839387,
                41.42980936740838
              ],
              [
                2.065968810743907,
                41.43008033802323
              ],
              [
                2.06553655376395,
                41.42990381490623
              ],
              [
                2.064581856507072,
                41.42991486497229
              ],
              [
                2.06410955098066,
                41.43046025385599
              ],
              [
                2.06366221094577,
                41.43112762877603
              ],
              [
                2.063463457577279,
                41.43206994964089
              ],
              [
                2.063310687701245,
                41.432322004075665
              ],
              [
                2.063316904623986,
                41.432904466182165
              ],
              [
                2.063098996168971,
                41.43294834745718
              ],
              [
                2.062907813559034,
                41.43358316547614
              ],
              [
                2.062120167720598,
                41.43335834794909
              ],
              [
                2.061304111300303,
                41.433580513652736
              ],
              [
                2.060927467161783,
                41.43367708982883
              ],
              [
                2.06002039600423,
                41.43395524372153
              ],
              [
                2.059833250697542,
                41.4341157141109
              ],
              [
                2.059498641777569,
                41.43447840708799
              ],
              [
                2.059361525554054,
                41.434786399443034
              ],
              [
                2.059317334424487,
                41.43506642986297
              ],
              [
                2.05935834545368,
                41.4353882563146
              ],
              [
                2.059384979440586,
                41.43552924194208
              ],
              [
                2.05948510435836,
                41.4358254395408
              ],
              [
                2.059544819104056,
                41.436138671857876
              ],
              [
                2.059533483211007,
                41.436350451495635
              ],
              [
                2.059427066453005,
                41.43669543233358
              ],
              [
                2.059679862922066,
                41.43739698743173
              ],
              [
                2.059845939633875,
                41.43765227894963
              ],
              [
                2.060025733190986,
                41.43753067434306
              ],
              [
                2.060106530033337,
                41.43752666039667
              ],
              [
                2.060209984432124,
                41.4375306207854
              ],
              [
                2.060586766876331,
                41.43753058035309
              ],
              [
                2.060998671806548,
                41.4375354988334
              ],
              [
                2.061315206788102,
                41.43750342148553
              ],
              [
                2.061528440783451,
                41.43747921212628
              ],
              [
                2.061591024510656,
                41.43751696079849
              ],
              [
                2.061647593974757,
                41.437614010727515
              ],
              [
                2.061712450871132,
                41.43785445349317
              ],
              [
                2.061773228060394,
                41.437946864000175
              ],
              [
                2.062017249540435,
                41.43810931459014
              ],
              [
                2.062098458543073,
                41.43822058600589
              ],
              [
                2.062206832849041,
                41.4384582672491
              ],
              [
                2.062257493734044,
                41.4386783415445
              ],
              [
                2.062356737792705,
                41.43897514783311
              ],
              [
                2.062501411664687,
                41.43928011342459
              ],
              [
                2.062591987517516,
                41.439460007631084
              ],
              [
                2.062736810844777,
                41.439610743663415
              ],
              [
                2.062889735922016,
                41.43977400853126
              ],
              [
                2.063047791550668,
                41.44001522260185
              ],
              [
                2.063156592724952,
                41.44025314604165
              ],
              [
                2.063221965909422,
                41.440411215885426
              ],
              [
                2.063230567665782,
                41.44043201454246
              ],
              [
                2.063267436047115,
                41.44052116046249
              ],
              [
                2.063306904438944,
                41.44061659280078
              ],
              [
                2.063383949669843,
                41.44080388704835
              ],
              [
                2.063442853588536,
                41.440998956047956
              ],
              [
                2.063446140057867,
                41.44120957431109
              ],
              [
                2.063454993230428,
                41.44140891171415
              ],
              [
                2.063500094384574,
                41.44147946557684
              ],
              [
                2.063602313314622,
                41.44159569574816
              ],
              [
                2.063817733388612,
                41.44178362596218
              ],
              [
                2.063970259847475,
                41.44191248268926
              ],
              [
                2.064049596486717,
                41.44199002482657
              ],
              [
                2.064185766091975,
                41.442132465203315
              ],
              [
                2.064049987501595,
                41.44254981929607
              ],
              [
                2.063986523355108,
                41.44283240731638
              ],
              [
                2.063997904258204,
                41.442945491309466
              ]
            ]
          ]
        ]
      },
      "properties": {
        "name": "La Floresta",
        "code": "CB04",
        "updated_at": "2024-04-15",
        "url": "https://santcugat.cat/web/consells-de-barri"
      }
    },
    {
      "type": "Feature",
      "geometry": {
        "type": "MultiPolygon",
        "coordinates": [
          [
            [
              [
                2.00001988433529,
                41.460421597660336
              ],
              [
                2.000401350825193,
                41.46067562756827
              ],
              [
                2.00103099329704,
                41.461046722102964
              ],
              [
                2.001517128125387,
                41.46126770551033
              ],
              [
                2.001917442826662,
                41.4614252636171
              ],
              [
                2.002166059855639,
                41.46151360297022
              ],
              [
                2.002375491698493,
                41.461599297221
              ],
              [
                2.002640660197737,
                41.46164212981471
              ],
              [
                2.002904852555139,
                41.461670541585924
              ],
              [
                2.002978999375971,
                41.461676588715534
              ],
              [
                2.003279481979622,
                41.46168099435414
              ],
              [
                2.006633959949768,
                41.46148933309706
              ],
              [
                2.007948224609056,
                41.461521392658454
              ],
              [
                2.009152416707909,
                41.461626349299785
              ],
              [
                2.010661446457833,
                41.46192216922402
              ],
              [
                2.010851057855403,
                41.4619733403439
              ],
              [
                2.010877288081646,
                41.461980771784205
              ],
              [
                2.012547572360126,
                41.46246170339435
              ],
              [
                2.013486362024477,
                41.46285617397472
              ],
              [
                2.013838600001952,
                41.463001510499986
              ],
              [
                2.014125234577397,
                41.463130070453104
              ],
              [
                2.014417120249393,
                41.46330731434969
              ],
              [
                2.014610786242195,
                41.46356568295043
              ],
              [
                2.01465140447724,
                41.463809229217574
              ],
              [
                2.014629517976167,
                41.4640684532374
              ],
              [
                2.014560148200945,
                41.46430024841578
              ],
              [
                2.014454029594646,
                41.464507408847844
              ],
              [
                2.014498563676706,
                41.465204058013214
              ],
              [
                2.014627667314277,
                41.465693362016914
              ],
              [
                2.014878126681687,
                41.46615578251335
              ],
              [
                2.01533242286848,
                41.466680296781064
              ],
              [
                2.015783691414711,
                41.467247117814495
              ],
              [
                2.016496918504277,
                41.46799272108453
              ],
              [
                2.01713982800946,
                41.468479208432576
              ],
              [
                2.017972354967344,
                41.46886012392603
              ],
              [
                2.019154729707866,
                41.469071977115156
              ],
              [
                2.020379510255605,
                41.46901305845239
              ],
              [
                2.021910336569877,
                41.46867029624162
              ],
              [
                2.024237784142752,
                41.46806945851587
              ],
              [
                2.024849344780214,
                41.46785486581135
              ],
              [
                2.026180976020535,
                41.46721581750634
              ],
              [
                2.027208370911946,
                41.46682008149442
              ],
              [
                2.027637858701167,
                41.46668770215553
              ],
              [
                2.027689479431513,
                41.46667913118507
              ],
              [
                2.027871018180265,
                41.46666551050227
              ],
              [
                2.027986797859543,
                41.46650103449092
              ],
              [
                2.028012388730653,
                41.4664838125529
              ],
              [
                2.028102847350548,
                41.46645846438816
              ],
              [
                2.028294595188052,
                41.46640099975164
              ],
              [
                2.028633125342185,
                41.46621562951524
              ],
              [
                2.028720414717896,
                41.46616004802428
              ],
              [
                2.028843911495059,
                41.46608141119956
              ],
              [
                2.028863607487354,
                41.466055045165604
              ],
              [
                2.028901071692188,
                41.46604529037806
              ],
              [
                2.029151768626715,
                41.46602060758239
              ],
              [
                2.029559958139589,
                41.46595774525949
              ],
              [
                2.0299552449786,
                41.465935910635025
              ],
              [
                2.030127849557544,
                41.46593155748305
              ],
              [
                2.030373417169111,
                41.465945241855685
              ],
              [
                2.030526250964883,
                41.4659479748446
              ],
              [
                2.03069220731202,
                41.46593316951711
              ],
              [
                2.030911088444606,
                41.46590591327082
              ],
              [
                2.031331901278134,
                41.46581692121402
              ],
              [
                2.031482490430609,
                41.46576588748818
              ],
              [
                2.03155802229603,
                41.46571229246441
              ],
              [
                2.031733179961517,
                41.465640356417794
              ],
              [
                2.031923066040244,
                41.465583093644
              ],
              [
                2.032018158561137,
                41.46557397317295
              ],
              [
                2.032080910320826,
                41.465552015044956
              ],
              [
                2.032136469362585,
                41.46550872368704
              ],
              [
                2.033903636544089,
                41.46499867655158
              ],
              [
                2.033982697613712,
                41.464972778446906
              ],
              [
                2.034058927022788,
                41.4649104275049
              ],
              [
                2.034139877888617,
                41.46482294241406
              ],
              [
                2.034257162497727,
                41.464675866451955
              ],
              [
                2.034331178031431,
                41.46460964873031
              ],
              [
                2.034534759693457,
                41.46450697827304
              ],
              [
                2.03461353447584,
                41.4644481250778
              ],
              [
                2.034692309115743,
                41.46438927182646
              ],
              [
                2.034793665221859,
                41.464367231839695
              ],
              [
                2.034964204353246,
                41.46435859021312
              ],
              [
                2.035084653657094,
                41.4643623468184
              ],
              [
                2.035147640791038,
                41.46438143129156
              ],
              [
                2.035191159136628,
                41.4644035259734
              ],
              [
                2.035241938903424,
                41.464436450514064
              ],
              [
                2.035283442977223,
                41.46448683851198
              ],
              [
                2.035489152710131,
                41.46474754182423
              ],
              [
                2.035530211751877,
                41.464808345274726
              ],
              [
                2.035589516397164,
                41.46487473543527
              ],
              [
                2.035654235150555,
                41.46492392525659
              ],
              [
                2.035747368025307,
                41.46498318299621
              ],
              [
                2.035844422902439,
                41.46500505479789
              ],
              [
                2.035910798779108,
                41.46501025811307
              ],
              [
                2.035982179519051,
                41.46500498117653
              ],
              [
                2.036140648328675,
                41.46497548981098
              ],
              [
                2.036272472583768,
                41.464950956863554
              ],
              [
                2.036339655781277,
                41.464928793788864
              ],
              [
                2.036390624379149,
                41.46494553687823
              ],
              [
                2.036493588762316,
                41.464979360390515
              ],
              [
                2.036585423441273,
                41.465024993439485
              ],
              [
                2.036643112170539,
                41.46507491862542
              ],
              [
                2.036668601538547,
                41.46516211384925
              ],
              [
                2.036738405545755,
                41.46529820667313
              ],
              [
                2.036827832242421,
                41.46542439207055
              ],
              [
                2.036915678037988,
                41.46549288144528
              ],
              [
                2.037051977646462,
                41.46557734131087
              ],
              [
                2.037173361150017,
                41.46568273501375
              ],
              [
                2.037258218566303,
                41.46578873867627
              ],
              [
                2.037354679731447,
                41.46585089058349
              ],
              [
                2.037511180168666,
                41.46587567325954
              ],
              [
                2.037712452870033,
                41.46585754464765
              ],
              [
                2.037889189304824,
                41.46584162571567
              ],
              [
                2.038076703757234,
                41.46583769937045
              ],
              [
                2.038185336591398,
                41.46581754841278
              ],
              [
                2.038334498629297,
                41.46577301481118
              ],
              [
                2.03847596589077,
                41.46575496910119
              ],
              [
                2.038640287641332,
                41.46575542608255
              ],
              [
                2.038794426702615,
                41.46578601255523
              ],
              [
                2.038988270858508,
                41.46584806069649
              ],
              [
                2.03913279507616,
                41.46587032604948
              ],
              [
                2.039261267483768,
                41.46590802241933
              ],
              [
                2.039391509534793,
                41.46600042299334
              ],
              [
                2.039676763530542,
                41.46628975114049
              ],
              [
                2.03989611848563,
                41.466434886742334
              ],
              [
                2.039994144489427,
                41.46647942720196
              ],
              [
                2.040116169028163,
                41.46654971005037
              ],
              [
                2.040230091565823,
                41.46664792710551
              ],
              [
                2.040413519196599,
                41.46691334597816
              ],
              [
                2.040454057050483,
                41.467167325292586
              ],
              [
                2.040512865199311,
                41.46730829028894
              ],
              [
                2.04052487775234,
                41.4673370846819
              ],
              [
                2.040565521786306,
                41.46732103495083
              ],
              [
                2.040580623640793,
                41.46735155913954
              ],
              [
                2.040598206355456,
                41.467377384849485
              ],
              [
                2.040604813213858,
                41.46738727557158
              ],
              [
                2.040648880715419,
                41.4674463039127
              ],
              [
                2.040763814326243,
                41.46755159870081
              ],
              [
                2.040887153875459,
                41.46764774122935
              ],
              [
                2.04102824449194,
                41.46755889178335
              ],
              [
                2.04090856457298,
                41.46744560324616
              ],
              [
                2.041119848831639,
                41.46732333112823
              ],
              [
                2.041214117028083,
                41.467270628643355
              ],
              [
                2.041298526373577,
                41.46735383893292
              ],
              [
                2.041467619502809,
                41.46725678775964
              ],
              [
                2.041686951719463,
                41.46713180846228
              ],
              [
                2.041750021473994,
                41.46705595546099
              ],
              [
                2.041914697926151,
                41.4671324253713
              ],
              [
                2.04199261325248,
                41.467037658919445
              ],
              [
                2.042121673331803,
                41.46688106817514
              ],
              [
                2.042155241935026,
                41.46684467397722
              ],
              [
                2.04229465617844,
                41.46692160857676
              ],
              [
                2.04233995210813,
                41.46694481011052
              ],
              [
                2.042355069532087,
                41.46692330921271
              ],
              [
                2.042523008821673,
                41.46673595707421
              ],
              [
                2.042586946966115,
                41.46666330363187
              ],
              [
                2.042840098754866,
                41.46678959405552
              ],
              [
                2.042870927190021,
                41.46675343364829
              ],
              [
                2.042896209463337,
                41.466724161726795
              ],
              [
                2.042921491713747,
                41.4666948897996
              ],
              [
                2.042984222388633,
                41.46662230975246
              ],
              [
                2.043026200005903,
                41.46653888211343
              ],
              [
                2.043129404857024,
                41.46656791433677
              ],
              [
                2.04318896756753,
                41.46644247754166
              ],
              [
                2.04321649971779,
                41.46638450082615
              ],
              [
                2.043223532485051,
                41.4663867120457
              ],
              [
                2.043262953112594,
                41.46630981357168
              ],
              [
                2.04327405021352,
                41.46631286625143
              ],
              [
                2.043535807538639,
                41.46638489378716
              ],
              [
                2.0436335615545,
                41.46617682529809
              ],
              [
                2.043829092276581,
                41.46613499825179
              ],
              [
                2.044268969338813,
                41.466258971915536
              ],
              [
                2.04439901146593,
                41.465973770580625
              ],
              [
                2.044532793667186,
                41.46601388307928
              ],
              [
                2.044641165033939,
                41.46582544782726
              ],
              [
                2.044754671969488,
                41.46576443723799
              ],
              [
                2.045002627246519,
                41.465833635677896
              ],
              [
                2.045105888054918,
                41.465704520268936
              ],
              [
                2.045345245389484,
                41.46582386169656
              ],
              [
                2.045409631150428,
                41.46574811279458
              ],
              [
                2.045473198380916,
                41.465669822545316
              ],
              [
                2.045518341276226,
                41.46561549099085
              ],
              [
                2.045627936714155,
                41.46548249373659
              ],
              [
                2.045848015081692,
                41.46543518751713
              ],
              [
                2.045863184132926,
                41.465439528324715
              ],
              [
                2.04586328363332,
                41.465439556797975
              ],
              [
                2.046098141570496,
                41.46550676391067
              ],
              [
                2.046207546341217,
                41.46526838916512
              ],
              [
                2.046408013915397,
                41.46532172541718
              ],
              [
                2.046525069046842,
                41.465038638830904
              ],
              [
                2.046640772919529,
                41.46497785173255
              ],
              [
                2.047004980004655,
                41.46508089007267
              ],
              [
                2.04720504169912,
                41.46513782902719
              ],
              [
                2.047286540955622,
                41.46516082388626
              ],
              [
                2.047403798793993,
                41.46519433799435
              ],
              [
                2.047507600272549,
                41.464979551652775
              ],
              [
                2.047566033174731,
                41.464858633889236
              ],
              [
                2.047595705856566,
                41.464797269026135
              ],
              [
                2.047836324029121,
                41.464861180810516
              ],
              [
                2.047896656748306,
                41.46473650007611
              ],
              [
                2.047952996765156,
                41.464620248628
              ],
              [
                2.048293093400405,
                41.464697849328616
              ],
              [
                2.048316700415121,
                41.464567221510656
              ],
              [
                2.048324996055904,
                41.46452152366454
              ],
              [
                2.048337905010253,
                41.46445013725211
              ],
              [
                2.048380140425562,
                41.46445421632636
              ],
              [
                2.048422375846439,
                41.46445829538515
              ],
              [
                2.048799704176545,
                41.464488976754815
              ],
              [
                2.048794689001682,
                41.46453227876391
              ],
              [
                2.048944689976119,
                41.464536769926404
              ],
              [
                2.049083032326117,
                41.46453930005161
              ],
              [
                2.049082537505005,
                41.46454284486655
              ],
              [
                2.049137796988923,
                41.46454473354811
              ],
              [
                2.049265594687619,
                41.46455184216086
              ],
              [
                2.049304731776228,
                41.4645540389534
              ],
              [
                2.04943712394965,
                41.46456141050791
              ],
              [
                2.049531646896149,
                41.4645666857506
              ],
              [
                2.049756348772159,
                41.46457919673283
              ],
              [
                2.0497685787389,
                41.4644886565521
              ],
              [
                2.049775278340711,
                41.46443901820957
              ],
              [
                2.05002012729591,
                41.464456036548164
              ],
              [
                2.050128065198479,
                41.46446353874883
              ],
              [
                2.050182133830552,
                41.464467434751576
              ],
              [
                2.050259498489433,
                41.464525161830394
              ],
              [
                2.050784502433987,
                41.46456223433528
              ],
              [
                2.050777277445347,
                41.46461652569346
              ],
              [
                2.050956441557013,
                41.46462673621824
              ],
              [
                2.051043663384892,
                41.46463585372865
              ],
              [
                2.051130723484968,
                41.46464214701477
              ],
              [
                2.051144233418736,
                41.464536773092405
              ],
              [
                2.051362116956117,
                41.464551269402975
              ],
              [
                2.051644289579186,
                41.4645700871099
              ],
              [
                2.051637159579658,
                41.46468144951422
              ],
              [
                2.051645871402286,
                41.46468760126647
              ],
              [
                2.051848747619271,
                41.46469823494946
              ],
              [
                2.051842190950727,
                41.46477023988747
              ],
              [
                2.051978742521865,
                41.46477902090759
              ],
              [
                2.052280274962586,
                41.46479799996012
              ],
              [
                2.052300944390657,
                41.46460581479982
              ],
              [
                2.052303777000722,
                41.4645814784825
              ],
              [
                2.052342367512523,
                41.46458393753427
              ],
              [
                2.052509140782462,
                41.46459456137586
              ],
              [
                2.052714678511261,
                41.46460573420003
              ],
              [
                2.052961361485992,
                41.4646218966654
              ],
              [
                2.052952024539719,
                41.464914000873385
              ],
              [
                2.05352295619265,
                41.464544835751475
              ],
              [
                2.053570387287543,
                41.46455783339585
              ],
              [
                2.053588321942096,
                41.46451547912861
              ],
              [
                2.053723814344217,
                41.46445126265225
              ],
              [
                2.053785397993876,
                41.46440854255345
              ],
              [
                2.05393941324403,
                41.464295793253406
              ],
              [
                2.053911280920897,
                41.46428864436455
              ],
              [
                2.054173482610287,
                41.46414563644323
              ],
              [
                2.054491819972294,
                41.464235227000245
              ],
              [
                2.054522639810442,
                41.46418015689474
              ],
              [
                2.054846200359028,
                41.46425313474805
              ],
              [
                2.05487187892227,
                41.464260218223544
              ],
              [
                2.054968210797229,
                41.46407196794151
              ],
              [
                2.055079286787,
                41.46410468735837
              ],
              [
                2.055288229507401,
                41.46416741943369
              ],
              [
                2.055374714796574,
                41.46419434067506
              ],
              [
                2.055363247326998,
                41.46421386461709
              ],
              [
                2.055415667197049,
                41.4642298955713
              ],
              [
                2.055404405017548,
                41.464250952455
              ],
              [
                2.055329797437887,
                41.464390009365985
              ],
              [
                2.055321330342898,
                41.46440629865622
              ],
              [
                2.055386115402365,
                41.464427932297156
              ],
              [
                2.055569420277009,
                41.46448263899851
              ],
              [
                2.055564291932773,
                41.46449195057388
              ],
              [
                2.055802798238489,
                41.464562507421654
              ],
              [
                2.056059155312129,
                41.46463499362621
              ],
              [
                2.056231450766103,
                41.46468763136879
              ],
              [
                2.056419902779445,
                41.464315841592075
              ],
              [
                2.056529913812264,
                41.46434914850255
              ],
              [
                2.056550430553711,
                41.46434226459363
              ],
              [
                2.056838051636212,
                41.464428930710866
              ],
              [
                2.056871357961176,
                41.4643649270211
              ],
              [
                2.056892181680832,
                41.464320285973145
              ],
              [
                2.056930305259312,
                41.46424859341086
              ],
              [
                2.05696460711333,
                41.46417619397107
              ],
              [
                2.056995299870369,
                41.464122311129174
              ],
              [
                2.057034081563365,
                41.46404642860276
              ],
              [
                2.057074372754088,
                41.46396153781573
              ],
              [
                2.057113315281641,
                41.463890320279475
              ],
              [
                2.057029606577687,
                41.4638597593418
              ],
              [
                2.057081358368504,
                41.46377986856574
              ],
              [
                2.057263478084835,
                41.463412862478975
              ],
              [
                2.05738187903872,
                41.46340807644302
              ],
              [
                2.057438682326942,
                41.46340658116878
              ],
              [
                2.057429437629095,
                41.46330782202569
              ],
              [
                2.057488198327305,
                41.463234861579224
              ],
              [
                2.057463189715216,
                41.46314467089275
              ],
              [
                2.057438181170212,
                41.46305448020044
              ],
              [
                2.057459067789154,
                41.46305715077943
              ],
              [
                2.057500299219762,
                41.46306104180685
              ],
              [
                2.057569469835962,
                41.46306390504899
              ],
              [
                2.057638706200988,
                41.463062224567906
              ],
              [
                2.057707481293611,
                41.46305600956076
              ],
              [
                2.057747806091292,
                41.463049732760304
              ],
              [
                2.05786582090975,
                41.46302606360924
              ],
              [
                2.058019997642473,
                41.46299498897578
              ],
              [
                2.058070674682591,
                41.46298495513628
              ],
              [
                2.058318779831157,
                41.46293555307011
              ],
              [
                2.058606191086777,
                41.462875753167594
              ],
              [
                2.058581884796752,
                41.46285078409684
              ],
              [
                2.058560234704088,
                41.462824305492255
              ],
              [
                2.058567473146743,
                41.462820581598244
              ],
              [
                2.058538989423082,
                41.462786390830054
              ],
              [
                2.058608429854935,
                41.46278713892083
              ],
              [
                2.058609649598768,
                41.46270274980431
              ],
              [
                2.058834164686895,
                41.4626566035099
              ],
              [
                2.059087981789824,
                41.462604409627936
              ],
              [
                2.059207056432628,
                41.46260790389624
              ],
              [
                2.059199299303997,
                41.4627493514714
              ],
              [
                2.059189587736962,
                41.46292636156741
              ],
              [
                2.059181477601439,
                41.46305757774905
              ],
              [
                2.059179173857061,
                41.463115098020765
              ],
              [
                2.059185591799716,
                41.463173563294525
              ],
              [
                2.059200434330102,
                41.463231160658545
              ],
              [
                2.059216138717391,
                41.46327054314846
              ],
              [
                2.059236347447128,
                41.46330813395391
              ],
              [
                2.059289934971371,
                41.4633477990282
              ],
              [
                2.059850975538243,
                41.463178477488924
              ],
              [
                2.060885461854132,
                41.46286634347125
              ],
              [
                2.060861762889327,
                41.46282456042119
              ],
              [
                2.060690127884526,
                41.462521953323815
              ],
              [
                2.060678493434767,
                41.46250143832191
              ],
              [
                2.060842842650142,
                41.46244925790216
              ],
              [
                2.061180765853458,
                41.46234315142352
              ],
              [
                2.061331208911488,
                41.462295909678
              ],
              [
                2.061245027198244,
                41.46214158605733
              ],
              [
                2.061422918614462,
                41.462091577594975
              ],
              [
                2.061632368638177,
                41.46202613528516
              ],
              [
                2.06185886170051,
                41.461956246744215
              ],
              [
                2.061879335832907,
                41.46201788895323
              ],
              [
                2.062219445869629,
                41.461905996478116
              ],
              [
                2.062181355303479,
                41.46179699199031
              ],
              [
                2.062545850062646,
                41.46159902670066
              ],
              [
                2.062323474102861,
                41.461399701633475
              ],
              [
                2.06269308981646,
                41.4611676014406
              ],
              [
                2.062928894451301,
                41.46140709248295
              ],
              [
                2.063166905354669,
                41.46128983369196
              ],
              [
                2.063175522213953,
                41.46125351401789
              ],
              [
                2.062934094966611,
                41.46100108570775
              ],
              [
                2.063030778889794,
                41.46094807567838
              ],
              [
                2.063251485914873,
                41.460851358335496
              ],
              [
                2.063448941256135,
                41.460757802128185
              ],
              [
                2.063463950626316,
                41.460773209770515
              ],
              [
                2.063654125410091,
                41.46069296992881
              ],
              [
                2.06380358672534,
                41.460636997793905
              ],
              [
                2.063949329300909,
                41.46057314979569
              ],
              [
                2.064052343479127,
                41.46056298945509
              ],
              [
                2.06417828738752,
                41.460554519676464
              ],
              [
                2.064185437523392,
                41.46085693749635
              ],
              [
                2.064502739619946,
                41.460730320683666
              ],
              [
                2.064816632015763,
                41.46060944642366
              ],
              [
                2.064898621033315,
                41.46057835249522
              ],
              [
                2.065191032862681,
                41.4604668293022
              ],
              [
                2.065392405170481,
                41.46053894060945
              ],
              [
                2.065480585356158,
                41.46057051772236
              ],
              [
                2.065287992546447,
                41.46087104819831
              ],
              [
                2.065514573890431,
                41.461145855272676
              ],
              [
                2.065885318080181,
                41.46116478182693
              ],
              [
                2.065928080110512,
                41.461144555989705
              ],
              [
                2.066064445340328,
                41.461396427909
              ],
              [
                2.066273981371407,
                41.46132283514928
              ],
              [
                2.066464986380781,
                41.46139591198708
              ],
              [
                2.066507373611683,
                41.46165749672013
              ],
              [
                2.066787487501536,
                41.46155033743629
              ],
              [
                2.067007971194514,
                41.46145977212202
              ],
              [
                2.067178139710709,
                41.4613898736751
              ],
              [
                2.067171517277457,
                41.46139095716698
              ],
              [
                2.067272180301678,
                41.46134853748318
              ],
              [
                2.067419841016773,
                41.461280223965986
              ],
              [
                2.067474360980739,
                41.46125499463761
              ],
              [
                2.067579200944965,
                41.46120647940191
              ],
              [
                2.067619959765777,
                41.46118765496859
              ],
              [
                2.067814906749077,
                41.46109748473671
              ],
              [
                2.067897071668395,
                41.46105888692846
              ],
              [
                2.068205746873267,
                41.46094034244714
              ],
              [
                2.068505535357817,
                41.46082944049154
              ],
              [
                2.06858266926094,
                41.460800313290235
              ],
              [
                2.068765516637998,
                41.4607304812732
              ],
              [
                2.068970761007353,
                41.460959289661304
              ],
              [
                2.06901850093972,
                41.46101412330139
              ],
              [
                2.069044217706246,
                41.461001452842304
              ],
              [
                2.069183641538928,
                41.46112390978901
              ],
              [
                2.069301418397504,
                41.46122781648579
              ],
              [
                2.069520897082265,
                41.461085743021606
              ],
              [
                2.069514480885152,
                41.46108090922684
              ],
              [
                2.069555639230719,
                41.461051822175136
              ],
              [
                2.069598810517404,
                41.46102131251167
              ],
              [
                2.069770554687004,
                41.46091981828378
              ],
              [
                2.069805514365132,
                41.46089916765109
              ],
              [
                2.06987920139329,
                41.4608556359457
              ],
              [
                2.070040691533236,
                41.460731833882804
              ],
              [
                2.070167481769337,
                41.4607964806509
              ],
              [
                2.07025928428657,
                41.46086121963131
              ],
              [
                2.070443915819289,
                41.46100061377952
              ],
              [
                2.070714992714485,
                41.461199325585206
              ],
              [
                2.070898955494822,
                41.46133589511673
              ],
              [
                2.070986951322866,
                41.461273630526065
              ],
              [
                2.071036916138034,
                41.46125804908233
              ],
              [
                2.07128052319333,
                41.461144224965736
              ],
              [
                2.071432657796048,
                41.46106539473695
              ],
              [
                2.071695977701118,
                41.46093063346896
              ],
              [
                2.071797578957845,
                41.46085404787929
              ],
              [
                2.071899179975475,
                41.46077746219612
              ],
              [
                2.072056220936477,
                41.46068317799737
              ],
              [
                2.072086609065923,
                41.46066229165225
              ],
              [
                2.072106850812026,
                41.4606324692524
              ],
              [
                2.072109908658923,
                41.460591807560036
              ],
              [
                2.072094712508587,
                41.46056415400034
              ],
              [
                2.072083035879543,
                41.46055217199819
              ],
              [
                2.072006776005438,
                41.46049522318423
              ],
              [
                2.071992046612225,
                41.46048439916215
              ],
              [
                2.071932221340576,
                41.46042665690428
              ],
              [
                2.071898217766913,
                41.46039120875485
              ],
              [
                2.071889349089939,
                41.46038167064996
              ],
              [
                2.07187391306181,
                41.4603599374796
              ],
              [
                2.071845117285638,
                41.46029596905866
              ],
              [
                2.071840524480546,
                41.460264514277135
              ],
              [
                2.071842624000132,
                41.460203298414925
              ],
              [
                2.07175988721086,
                41.46015647802995
              ],
              [
                2.071591907937294,
                41.4601462420254
              ],
              [
                2.071450230805418,
                41.46012120264706
              ],
              [
                2.071311577909148,
                41.460039422972464
              ],
              [
                2.071291085582625,
                41.460006755332806
              ],
              [
                2.071278493788656,
                41.45997957929912
              ],
              [
                2.071270622887378,
                41.45995659392727
              ],
              [
                2.071290317183216,
                41.45984676368147
              ],
              [
                2.071294896346969,
                41.45982860545638
              ],
              [
                2.071306340796713,
                41.45979775377528
              ],
              [
                2.071322864965071,
                41.4597667705009
              ],
              [
                2.071371161681147,
                41.45968737274906
              ],
              [
                2.071402837957259,
                41.459636583454696
              ],
              [
                2.071434539497013,
                41.45955797955671
              ],
              [
                2.071450986243742,
                41.45947644679285
              ],
              [
                2.071467432947793,
                41.45939491402534
              ],
              [
                2.071480237048287,
                41.45936858064112
              ],
              [
                2.071481535832699,
                41.45936440098246
              ],
              [
                2.071499172374344,
                41.4593076442211
              ],
              [
                2.071505990846372,
                41.45929729678113
              ],
              [
                2.071590267298672,
                41.45923390703075
              ],
              [
                2.071557968671214,
                41.459003273678285
              ],
              [
                2.071545964529194,
                41.458884441520986
              ],
              [
                2.071539330492604,
                41.45880215960289
              ],
              [
                2.071550501450528,
                41.45878202812996
              ],
              [
                2.07157157543354,
                41.4587555362514
              ],
              [
                2.071612454020611,
                41.45872230444519
              ],
              [
                2.071840870958277,
                41.45855533008118
              ],
              [
                2.071916839689667,
                41.45848961223853
              ],
              [
                2.07194864884083,
                41.45844875449388
              ],
              [
                2.071971870085562,
                41.458404733466374
              ],
              [
                2.071985833796162,
                41.458348662481185
              ],
              [
                2.072338966218772,
                41.458396816068095
              ],
              [
                2.072567759087765,
                41.4581376256629
              ],
              [
                2.072687115656636,
                41.45813140837258
              ],
              [
                2.072736951635911,
                41.45812956700031
              ],
              [
                2.073075828976431,
                41.45808473734661
              ],
              [
                2.07347570361005,
                41.45796296118695
              ],
              [
                2.073591415521016,
                41.45792842142121
              ],
              [
                2.073704648083923,
                41.45788551173992
              ],
              [
                2.073933113289223,
                41.457868218027215
              ],
              [
                2.074061847400469,
                41.45785847327236
              ],
              [
                2.07405937717418,
                41.45780070612494
              ],
              [
                2.074017752540799,
                41.45764546396839
              ],
              [
                2.073903334785165,
                41.4574322630847
              ],
              [
                2.073757420217571,
                41.45728880380579
              ],
              [
                2.073680601424078,
                41.457220485406495
              ],
              [
                2.073559627638352,
                41.45711466381104
              ],
              [
                2.073618336442569,
                41.45705833536957
              ],
              [
                2.073654662151248,
                41.457022219847524
              ],
              [
                2.073795064552587,
                41.45687712372376
              ],
              [
                2.073919874604667,
                41.45675414886091
              ],
              [
                2.073757606967323,
                41.45666864357434
              ],
              [
                2.073588798295139,
                41.45660535931876
              ],
              [
                2.073732090146664,
                41.4564068817085
              ],
              [
                2.073855403931154,
                41.45624002888564
              ],
              [
                2.07358105614784,
                41.45608807474902
              ],
              [
                2.073378074339522,
                41.45596017557847
              ],
              [
                2.07346787431935,
                41.45589436849911
              ],
              [
                2.073582335111345,
                41.45582628608074
              ],
              [
                2.073733396217094,
                41.45574316432767
              ],
              [
                2.073869920317017,
                41.45565772758225
              ],
              [
                2.074012548476652,
                41.45555621902759
              ],
              [
                2.07385193942759,
                41.455449441828975
              ],
              [
                2.073797616360297,
                41.45541333548179
              ],
              [
                2.073644099615169,
                41.45531979241597
              ],
              [
                2.07343807755408,
                41.45518024912887
              ],
              [
                2.073399236748676,
                41.45514434448537
              ],
              [
                2.073366710745831,
                41.45510512997508
              ],
              [
                2.073340494155157,
                41.45501384493956
              ],
              [
                2.073318865634972,
                41.45495085962602
              ],
              [
                2.073299058485102,
                41.45490959869724
              ],
              [
                2.073248025572495,
                41.45483049078313
              ],
              [
                2.073125510629939,
                41.454697439376005
              ],
              [
                2.073056004084976,
                41.45463362886715
              ],
              [
                2.073016728956256,
                41.45460648156732
              ],
              [
                2.072948577617707,
                41.454578353653154
              ],
              [
                2.072918015096977,
                41.4545725271451
              ],
              [
                2.072855180365539,
                41.45456401995272
              ],
              [
                2.072811762520093,
                41.45455323545989
              ],
              [
                2.072769582823349,
                41.45452942718905
              ],
              [
                2.072698208603389,
                41.45446347387624
              ],
              [
                2.072629483624561,
                41.454412549963045
              ],
              [
                2.072578678114183,
                41.454383942664734
              ],
              [
                2.072470385723991,
                41.454334374145475
              ],
              [
                2.072426203008119,
                41.45431718894079
              ],
              [
                2.072425828486585,
                41.45431704326763
              ],
              [
                2.072281795624566,
                41.45426219969033
              ],
              [
                2.072212013280156,
                41.45424094598459
              ],
              [
                2.072183628028516,
                41.45423033365577
              ],
              [
                2.072393127651758,
                41.453945639090335
              ],
              [
                2.072393136731615,
                41.45392818283824
              ],
              [
                2.0719385415509,
                41.45350979128637
              ],
              [
                2.071542216612985,
                41.45314559702768
              ],
              [
                2.071515389100143,
                41.453135301367766
              ],
              [
                2.071490626640734,
                41.45313930358013
              ],
              [
                2.071475739535529,
                41.453146808254395
              ],
              [
                2.071146128200699,
                41.45340925459815
              ],
              [
                2.071022494253708,
                41.453524191046085
              ],
              [
                2.070905978440401,
                41.453642008628215
              ],
              [
                2.070833033112207,
                41.45372537778979
              ],
              [
                2.070808742471675,
                41.45371629587107
              ],
              [
                2.070774478599256,
                41.453695816064645
              ],
              [
                2.070732092475834,
                41.45364953860661
              ],
              [
                2.070716349881539,
                41.45361847806233
              ],
              [
                2.070702853308283,
                41.45356141929886
              ],
              [
                2.070689181101718,
                41.45349349724399
              ],
              [
                2.07065836002,
                41.45344361372333
              ],
              [
                2.07061504817179,
                41.45339287017774
              ],
              [
                2.070564558712734,
                41.45333371732596
              ],
              [
                2.070503622961327,
                41.45325948075561
              ],
              [
                2.07046713267571,
                41.45322726280826
              ],
              [
                2.070398697938501,
                41.45318513514003
              ],
              [
                2.070352899149264,
                41.45315148874917
              ],
              [
                2.070269066080308,
                41.453078422722456
              ],
              [
                2.070210364081417,
                41.4530341927365
              ],
              [
                2.070082165902945,
                41.4529539247063
              ],
              [
                2.069558006257605,
                41.4526184516028
              ],
              [
                2.06911508433062,
                41.45281533350925
              ],
              [
                2.068712987110783,
                41.4525393965019
              ],
              [
                2.06859186484882,
                41.45245991686529
              ],
              [
                2.068463049052143,
                41.45236481306351
              ],
              [
                2.0682918892064,
                41.45225104731173
              ],
              [
                2.068071196767617,
                41.45209742382192
              ],
              [
                2.067906488022419,
                41.451953105554686
              ],
              [
                2.067838309141001,
                41.45188775081498
              ],
              [
                2.067754645047442,
                41.45180755206643
              ],
              [
                2.067722060661365,
                41.45175745516721
              ],
              [
                2.067638673304101,
                41.45162925079588
              ],
              [
                2.067573067039657,
                41.451534657948336
              ],
              [
                2.067525638278657,
                41.4514522442682
              ],
              [
                2.067471351357517,
                41.451345711098035
              ],
              [
                2.067394379244462,
                41.45119465965921
              ],
              [
                2.067307306924448,
                41.451000550794326
              ],
              [
                2.067129000262363,
                41.45074744893892
              ],
              [
                2.067020254032542,
                41.45062609289782
              ],
              [
                2.066830734660081,
                41.450447099041725
              ],
              [
                2.066700421318423,
                41.45032402228742
              ],
              [
                2.066590372600146,
                41.45022008434333
              ],
              [
                2.066423474909667,
                41.45006245330195
              ],
              [
                2.065973898718559,
                41.44967201128914
              ],
              [
                2.065822062588536,
                41.44971030166981
              ],
              [
                2.065754438228154,
                41.4497273552553
              ],
              [
                2.065647553849759,
                41.449741273753794
              ],
              [
                2.065579246081222,
                41.44974071928639
              ],
              [
                2.065484929912457,
                41.44972657581114
              ],
              [
                2.065412062462078,
                41.449711198209386
              ],
              [
                2.065250655147791,
                41.449661305008284
              ],
              [
                2.065074874168872,
                41.449642182009555
              ],
              [
                2.064895050550397,
                41.449627627406066
              ],
              [
                2.064801157211646,
                41.44964124212108
              ],
              [
                2.064689016374639,
                41.44967697041514
              ],
              [
                2.064593434404577,
                41.44971793484867
              ],
              [
                2.064443546540836,
                41.44980576811851
              ],
              [
                2.064327100179075,
                41.449856102882386
              ],
              [
                2.064241306374524,
                41.44988897808595
              ],
              [
                2.063999356199459,
                41.44996200911875
              ],
              [
                2.063671820893381,
                41.4500406887505
              ],
              [
                2.063584231685598,
                41.450068517921736
              ],
              [
                2.063473853564421,
                41.450103752489504
              ],
              [
                2.063360472041499,
                41.45012297450975
              ],
              [
                2.063307786715555,
                41.45012627091036
              ],
              [
                2.063248453055334,
                41.45012084119952
              ],
              [
                2.06317105875028,
                41.45010468365049
              ],
              [
                2.063092306964324,
                41.450076125514634
              ],
              [
                2.062968988097386,
                41.45001854058182
              ],
              [
                2.062820296855891,
                41.449969310573586
              ],
              [
                2.062672922465905,
                41.44994144168564
              ],
              [
                2.062559297688751,
                41.44993807284917
              ],
              [
                2.062451904118964,
                41.44995308135217
              ],
              [
                2.062353901203079,
                41.44999260184679
              ],
              [
                2.062267580629782,
                41.45001022538624
              ],
              [
                2.062186711370502,
                41.44998757453338
              ],
              [
                2.062123984352225,
                41.44994552296001
              ],
              [
                2.062019040901986,
                41.449903127361814
              ],
              [
                2.061910410484586,
                41.44989124612093
              ],
              [
                2.061766489019066,
                41.44990251301331
              ],
              [
                2.061666361170071,
                41.44992346684672
              ],
              [
                2.06144158502596,
                41.44997050555851
              ],
              [
                2.061332250682113,
                41.45000748922977
              ],
              [
                2.061284529397461,
                41.45005108415773
              ],
              [
                2.061246145548465,
                41.450122856152085
              ],
              [
                2.061221882271547,
                41.45022895312908
              ],
              [
                2.061174142394521,
                41.450306610869305
              ],
              [
                2.061125756201663,
                41.450341851090144
              ],
              [
                2.06106829398918,
                41.45036384785545
              ],
              [
                2.061020807549714,
                41.450372369226066
              ],
              [
                2.060963668994872,
                41.45037190312433
              ],
              [
                2.060895142875183,
                41.45036475939012
              ],
              [
                2.060781036813617,
                41.4503415727808
              ],
              [
                2.060686596105024,
                41.45034385065195
              ],
              [
                2.060531012993042,
                41.45037131652818
              ],
              [
                2.060415702934395,
                41.450393696197985
              ],
              [
                2.060363644250414,
                41.45039816111153
              ],
              [
                2.060260211169828,
                41.45039430761694
              ],
              [
                2.06012579525973,
                41.45041060653678
              ],
              [
                2.059970078225476,
                41.450438070882754
              ],
              [
                2.059900444715596,
                41.45046522113731
              ],
              [
                2.059872747268432,
                41.45050017362272
              ],
              [
                2.059846201033821,
                41.450576928937764
              ],
              [
                2.059797846903547,
                41.45064521615553
              ],
              [
                2.05970495176274,
                41.45069989521317
              ],
              [
                2.059637968667209,
                41.45071980723977
              ],
              [
                2.059499568749605,
                41.45076883458989
              ],
              [
                2.059421808946935,
                41.45080804369314
              ],
              [
                2.059376356431995,
                41.45085758433626
              ],
              [
                2.059349233047404,
                41.450913503951135
              ],
              [
                2.059284405027522,
                41.45096836857687
              ],
              [
                2.059169838706187,
                41.45100505078711
              ],
              [
                2.05900021493159,
                41.451027423355974
              ],
              [
                2.058910464891977,
                41.451057048454025
              ],
              [
                2.058747124336252,
                41.45112263508354
              ],
              [
                2.058584379589347,
                41.45114696158518
              ],
              [
                2.058195437128781,
                41.451170249800946
              ],
              [
                2.058197746213054,
                41.45098538913123
              ],
              [
                2.058174352802195,
                41.45090028808581
              ],
              [
                2.058115065674694,
                41.45081412143653
              ],
              [
                2.0580494566079,
                41.45073948053906
              ],
              [
                2.058004631756505,
                41.45064648609494
              ],
              [
                2.057982666262083,
                41.45053360807896
              ],
              [
                2.05790203853969,
                41.45036235702024
              ],
              [
                2.057833743697843,
                41.45018966303247
              ],
              [
                2.057755725553701,
                41.45005085327248
              ],
              [
                2.057718183313888,
                41.44995097009294
              ],
              [
                2.057612860543785,
                41.44994072615435
              ],
              [
                2.057589396123053,
                41.449917495737346
              ],
              [
                2.057428511944771,
                41.44975821543633
              ],
              [
                2.057288329532671,
                41.44959468953427
              ],
              [
                2.057180374229663,
                41.44946875660059
              ],
              [
                2.057149433682993,
                41.44940906536577
              ],
              [
                2.057149432753886,
                41.449409065357855
              ],
              [
                2.057118492424966,
                41.44934937621146
              ],
              [
                2.057114011403275,
                41.44921340979997
              ],
              [
                2.057130797692462,
                41.449066187479296
              ],
              [
                2.057143723436238,
                41.44895282315762
              ],
              [
                2.057112158997893,
                41.448865339226074
              ],
              [
                2.057060333380043,
                41.44883095083788
              ],
              [
                2.056853206378553,
                41.44882307871562
              ],
              [
                2.056754517071556,
                41.44876592093361
              ],
              [
                2.056631867460837,
                41.448663024248
              ],
              [
                2.056588718132253,
                41.44859628669388
              ],
              [
                2.056526951098215,
                41.448466568396455
              ],
              [
                2.056485910678763,
                41.44832759264618
              ],
              [
                2.056437011504612,
                41.4481620039136
              ],
              [
                2.056405937320799,
                41.44797237920478
              ],
              [
                2.056375550958714,
                41.4478672246017
              ],
              [
                2.056308100683438,
                41.4477356446289
              ],
              [
                2.056221206140161,
                41.44760395642558
              ],
              [
                2.056149777003861,
                41.44749570551839
              ],
              [
                2.056096059371248,
                41.447384246654174
              ],
              [
                2.05603343054094,
                41.44725429741554
              ],
              [
                2.055978026577577,
                41.44711378788687
              ],
              [
                2.055953730818075,
                41.44700990808703
              ],
              [
                2.055924989815276,
                41.446887021629465
              ],
              [
                2.055865266626129,
                41.44670020704876
              ],
              [
                2.05581299516692,
                41.44662149060058
              ],
              [
                2.055720888598817,
                41.446434448045956
              ],
              [
                2.055596827114374,
                41.446199708303354
              ],
              [
                2.055539009979249,
                41.446090310485886
              ],
              [
                2.055534302711959,
                41.446031615955526
              ],
              [
                2.055506249282239,
                41.44591826970407
              ],
              [
                2.055343406217759,
                41.445625848292515
              ],
              [
                2.055231990293724,
                41.44542023389534
              ],
              [
                2.055178430822195,
                41.4454370205307
              ],
              [
                2.055096750294532,
                41.44546518277202
              ],
              [
                2.05488991103871,
                41.44554122761236
              ],
              [
                2.054810748832781,
                41.445558959491144
              ],
              [
                2.054750842991426,
                41.445561370225356
              ],
              [
                2.054705638417762,
                41.44555806148198
              ],
              [
                2.054660433849019,
                41.44555475272097
              ],
              [
                2.054471478065391,
                41.44553905243882
              ],
              [
                2.054355737676778,
                41.445525648970815
              ],
              [
                2.054298121032234,
                41.44551715004832
              ],
              [
                2.054224294248859,
                41.445501102573616
              ],
              [
                2.054150619452459,
                41.44547705998219
              ],
              [
                2.054087679857505,
                41.44544951160576
              ],
              [
                2.054020950186804,
                41.44541235943578
              ],
              [
                2.053750631476968,
                41.44523382798807
              ],
              [
                2.053480314252032,
                41.4450552959153
              ],
              [
                2.053415636429776,
                41.44502033780345
              ],
              [
                2.053353554349004,
                41.44499953135911
              ],
              [
                2.053266233377112,
                41.44498002379747
              ],
              [
                2.053166446832727,
                41.44497848923655
              ],
              [
                2.052594422305023,
                41.44498807526721
              ],
              [
                2.051906406160775,
                41.44502733284083
              ],
              [
                2.051844584870265,
                41.445022701865916
              ],
              [
                2.05177965643969,
                41.445002642162315
              ],
              [
                2.051549344983234,
                41.44490618658661
              ],
              [
                2.0512746317657,
                41.44479299973386
              ],
              [
                2.051226954960236,
                41.444791913217344
              ],
              [
                2.050709354561552,
                41.44485290679648
              ],
              [
                2.050597222652509,
                41.4448594174805
              ],
              [
                2.050485385792751,
                41.44484567542602
              ],
              [
                2.050080777046535,
                41.44473444608194
              ],
              [
                2.049825106153688,
                41.444654565563305
              ],
              [
                2.049570589494049,
                41.444579417806125
              ],
              [
                2.049306840012327,
                41.44451181236805
              ],
              [
                2.049219390498059,
                41.44449755198853
              ],
              [
                2.049150789654041,
                41.44448962856398
              ],
              [
                2.049051490557121,
                41.44448735810593
              ],
              [
                2.048939717621361,
                41.444495552434816
              ],
              [
                2.048404287926166,
                41.44462225493638
              ],
              [
                2.048000849257118,
                41.44470835585685
              ],
              [
                2.047835794562729,
                41.444717042968776
              ],
              [
                2.047603113442271,
                41.444725004998475
              ],
              [
                2.047268626569903,
                41.44484156240574
              ],
              [
                2.047193721747045,
                41.44486188434897
              ],
              [
                2.047038541504583,
                41.44487909522018
              ],
              [
                2.046985005050255,
                41.44488582242561
              ],
              [
                2.0467544854751,
                41.44488390769404
              ],
              [
                2.046663039663142,
                41.44488083263016
              ],
              [
                2.046571593861199,
                41.44487775749367
              ],
              [
                2.046379744293467,
                41.44485952268001
              ],
              [
                2.045716291785348,
                41.444718441322
              ],
              [
                2.045629331868745,
                41.444692216339256
              ],
              [
                2.045499465574809,
                41.444643401410275
              ],
              [
                2.045214043860631,
                41.44452305473049
              ],
              [
                2.044885579293702,
                41.44446239854026
              ],
              [
                2.044512775212742,
                41.44436275250527
              ],
              [
                2.04434965427821,
                41.44434710348323
              ],
              [
                2.044200758552015,
                41.44434728857553
              ],
              [
                2.044063594605436,
                41.4443670692402
              ],
              [
                2.043814360642118,
                41.4444454594006
              ],
              [
                2.043580725602684,
                41.444524632837364
              ],
              [
                2.043447753937544,
                41.444560764817844
              ],
              [
                2.043320137212195,
                41.444584760878534
              ],
              [
                2.04322259922015,
                41.444586558630824
              ],
              [
                2.043088808200796,
                41.44457232052668
              ],
              [
                2.042954575350643,
                41.44455148412485
              ],
              [
                2.042596076002107,
                41.44449118849578
              ],
              [
                2.042570417825366,
                41.444485006187115
              ],
              [
                2.042543674192728,
                41.44447304164255
              ],
              [
                2.042421727502161,
                41.44440421661819
              ],
              [
                2.042353440026643,
                41.44437859871419
              ],
              [
                2.042329214328548,
                41.44437073877568
              ],
              [
                2.042193750032407,
                41.444342826596085
              ],
              [
                2.041938840694358,
                41.44429687247012
              ],
              [
                2.041596530014428,
                41.444241541651834
              ],
              [
                2.041532407738478,
                41.44423235847722
              ],
              [
                2.041475953911521,
                41.44422820986971
              ],
              [
                2.041305244523439,
                41.44421798268094
              ],
              [
                2.0411326028582,
                41.444208754522904
              ],
              [
                2.041048287786579,
                41.44420258793568
              ],
              [
                2.04095392428553,
                41.44420237618122
              ],
              [
                2.040810560567026,
                41.4442106917088
              ],
              [
                2.040731830364254,
                41.44421520178852
              ],
              [
                2.040604390421893,
                41.44416389690945
              ],
              [
                2.040533207297335,
                41.44408245991896
              ],
              [
                2.040446483788093,
                41.44392165800147
              ],
              [
                2.04042426407795,
                41.44389378084999
              ],
              [
                2.04029487864244,
                41.443797962319486
              ],
              [
                2.040245015539944,
                41.443753689226114
              ],
              [
                2.040156562093256,
                41.44366233665232
              ],
              [
                2.040099495673347,
                41.44360781859182
              ],
              [
                2.039955420715188,
                41.443497269918495
              ],
              [
                2.039345372454821,
                41.44314497802871
              ],
              [
                2.039138537587005,
                41.44295773239725
              ],
              [
                2.03902224485776,
                41.442871375595
              ],
              [
                2.0388895977672,
                41.44278128791765
              ],
              [
                2.038796402586384,
                41.44273443682201
              ],
              [
                2.038664437226623,
                41.44267441729954
              ],
              [
                2.038587278372206,
                41.44263932435126
              ],
              [
                2.038534974696591,
                41.44262084081954
              ],
              [
                2.038391631323325,
                41.44257747974825
              ],
              [
                2.038170784985002,
                41.442505268719096
              ],
              [
                2.038123332334226,
                41.44247694922021
              ],
              [
                2.038066718837503,
                41.44242797116246
              ],
              [
                2.03803222682329,
                41.44237930188743
              ],
              [
                2.037945703687397,
                41.44225721476456
              ],
              [
                2.037933459305729,
                41.442239937478824
              ],
              [
                2.037867914500138,
                41.442206291156204
              ],
              [
                2.037679078221184,
                41.442139052694245
              ],
              [
                2.037555823744064,
                41.442192162934425
              ],
              [
                2.037344962423804,
                41.442268730964685
              ],
              [
                2.037283334543155,
                41.44229110919267
              ],
              [
                2.036949789604459,
                41.44223364393299
              ],
              [
                2.036871426453495,
                41.442198550732414
              ],
              [
                2.03679428754725,
                41.442159490658916
              ],
              [
                2.036647802764797,
                41.44210278051144
              ],
              [
                2.036505976654191,
                41.44206588370051
              ],
              [
                2.03639137950707,
                41.442051101312046
              ],
              [
                2.036250386074085,
                41.442061440266386
              ],
              [
                2.036224637152129,
                41.442063328398646
              ],
              [
                2.036088150361162,
                41.4420589299504
              ],
              [
                2.035871065532689,
                41.44203868108683
              ],
              [
                2.035633016554708,
                41.442016476280855
              ],
              [
                2.035455622463304,
                41.44197414852587
              ],
              [
                2.035376521245998,
                41.44194007974488
              ],
              [
                2.035136565947385,
                41.441810204541554
              ],
              [
                2.034906780602154,
                41.44171727584572
              ],
              [
                2.03469793068591,
                41.441657928207086
              ],
              [
                2.034630666232837,
                41.4416516044804
              ],
              [
                2.034597942990377,
                41.441648528058714
              ],
              [
                2.032946973006623,
                41.4416890262328
              ],
              [
                2.032732580656864,
                41.44184517394387
              ],
              [
                2.032399663431491,
                41.44203345748369
              ],
              [
                2.032186843173382,
                41.4421144703466
              ],
              [
                2.032024709743194,
                41.442202278429434
              ],
              [
                2.031853544606722,
                41.44232822660908
              ],
              [
                2.031664315995541,
                41.44253045515224
              ],
              [
                2.031560669753764,
                41.442669709603436
              ],
              [
                2.031383062486201,
                41.4431338177724
              ],
              [
                2.031287572525315,
                41.44359106655899
              ],
              [
                2.03123363757487,
                41.443960909737655
              ],
              [
                2.031242647964568,
                41.44403379770622
              ],
              [
                2.031307627136164,
                41.44417308420612
              ],
              [
                2.031381350750589,
                41.44440073312253
              ],
              [
                2.031408483054883,
                41.44460528710281
              ],
              [
                2.031411551080032,
                41.44484999921164
              ],
              [
                2.031402110361391,
                41.44503406512121
              ],
              [
                2.031369204774304,
                41.44521793357517
              ],
              [
                2.031326280108861,
                41.445399195163205
              ],
              [
                2.031260340176607,
                41.44554999257643
              ],
              [
                2.031141328165835,
                41.445662505184075
              ],
              [
                2.031022915782309,
                41.44573466209497
              ],
              [
                2.030823151415272,
                41.445866674890894
              ],
              [
                2.030644061928218,
                41.445961023364525
              ],
              [
                2.030376840113806,
                41.44612021521346
              ],
              [
                2.02999489241563,
                41.44632889049007
              ],
              [
                2.029927473543815,
                41.44635354773065
              ],
              [
                2.02974638115698,
                41.44635706653685
              ],
              [
                2.029638773643182,
                41.44637886231562
              ],
              [
                2.029443934406906,
                41.44640496760446
              ],
              [
                2.029296401177596,
                41.446406246114186
              ],
              [
                2.028907699355842,
                41.44639287744729
              ],
              [
                2.028589167745435,
                41.44639523488239
              ],
              [
                2.028196775493861,
                41.44640453551242
              ],
              [
                2.028045476293896,
                41.44643352854227
              ],
              [
                2.027930900401978,
                41.44647292164814
              ],
              [
                2.02769771864592,
                41.44659707915912
              ],
              [
                2.027474780776447,
                41.446708710050856
              ],
              [
                2.027162311915197,
                41.44675399789532
              ],
              [
                2.02708404420238,
                41.44683153506921
              ],
              [
                2.027011313257019,
                41.44698731765925
              ],
              [
                2.026999712594177,
                41.447090643647144
              ],
              [
                2.026922950993465,
                41.44729179777944
              ],
              [
                2.026870445477562,
                41.44744018362754
              ],
              [
                2.026848411141362,
                41.44756864675981
              ],
              [
                2.026829465279357,
                41.44771479375783
              ],
              [
                2.026791837272047,
                41.44776492637964
              ],
              [
                2.026683699061848,
                41.447822030416425
              ],
              [
                2.026339202910406,
                41.448048115230826
              ],
              [
                2.026094867275364,
                41.44818786295165
              ],
              [
                2.026002471178619,
                41.448313208030356
              ],
              [
                2.025920621695715,
                41.4484058492987
              ],
              [
                2.025808578114613,
                41.44865677641723
              ],
              [
                2.025742530318595,
                41.448880975452795
              ],
              [
                2.025588721170095,
                41.449087498451384
              ],
              [
                2.025088195365316,
                41.44945012100875
              ],
              [
                2.024649150587512,
                41.44993744848935
              ],
              [
                2.024303503001615,
                41.450241346101265
              ],
              [
                2.024081848829629,
                41.45039580661745
              ],
              [
                2.023869226406647,
                41.45053916466077
              ],
              [
                2.02371570425545,
                41.4506872712494
              ],
              [
                2.023723880434627,
                41.450772716928284
              ],
              [
                2.023745025346104,
                41.450933303035555
              ],
              [
                2.023816699933936,
                41.45111935201983
              ],
              [
                2.024062584539096,
                41.45128156968958
              ],
              [
                2.024263934106864,
                41.45145675371634
              ],
              [
                2.024403812907881,
                41.45159138323944
              ],
              [
                2.024508023202132,
                41.45173905470629
              ],
              [
                2.024585432158667,
                41.451899843352855
              ],
              [
                2.024583625051822,
                41.45208910924332
              ],
              [
                2.024536101310763,
                41.452233035002955
              ],
              [
                2.024505935431242,
                41.453082402343526
              ],
              [
                2.024381721168228,
                41.453352570847436
              ],
              [
                2.023878120215731,
                41.45408059862348
              ],
              [
                2.023624336472781,
                41.45448717782567
              ],
              [
                2.02349553876168,
                41.45479634209861
              ],
              [
                2.02356378095239,
                41.45497707015602
              ],
              [
                2.023754907423386,
                41.45526561492345
              ],
              [
                2.023961476166142,
                41.455735754612675
              ],
              [
                2.024053352966954,
                41.45604210032227
              ],
              [
                2.024076058925645,
                41.456302508211344
              ],
              [
                2.024099364700471,
                41.45652288803844
              ],
              [
                2.024091108473757,
                41.45670872941461
              ],
              [
                2.023942011738764,
                41.45696191826417
              ],
              [
                2.023570722215986,
                41.457472527671456
              ],
              [
                2.023392459876395,
                41.45753106501752
              ],
              [
                2.022904213169863,
                41.45756028235504
              ],
              [
                2.022566924350256,
                41.4575774352397
              ],
              [
                2.021925858814519,
                41.45764866540712
              ],
              [
                2.020903262173905,
                41.45772133782952
              ],
              [
                2.020855194715168,
                41.45772988462516
              ],
              [
                2.020727277032758,
                41.458011722137606
              ],
              [
                2.020064763157011,
                41.45833801058958
              ],
              [
                2.019817545160304,
                41.458394670169014
              ],
              [
                2.01933102134281,
                41.4583814853581
              ],
              [
                2.019109347377602,
                41.45834543172927
              ],
              [
                2.018474376568111,
                41.45820693070301
              ],
              [
                2.01680029723606,
                41.458445782593245
              ],
              [
                2.016453260423908,
                41.458745681074966
              ],
              [
                2.015964003730634,
                41.458913272602935
              ],
              [
                2.015566370386947,
                41.45898219803764
              ],
              [
                2.015190929225354,
                41.4587755707258
              ],
              [
                2.014733769071359,
                41.458410030510834
              ],
              [
                2.013986856692385,
                41.458132413682925
              ],
              [
                2.013540613649047,
                41.458237078497845
              ],
              [
                2.0128964433595,
                41.458317442607566
              ],
              [
                2.012424305268538,
                41.45834926512667
              ],
              [
                2.012327941642368,
                41.45833956826104
              ],
              [
                2.012081690915379,
                41.458273052326696
              ],
              [
                2.011917354860189,
                41.458153112403004
              ],
              [
                2.011773846317884,
                41.458069270519616
              ],
              [
                2.011653304371559,
                41.45803368523152
              ],
              [
                2.011215500150218,
                41.45796390360616
              ],
              [
                2.011114363932152,
                41.45787281112626
              ],
              [
                2.011058269181698,
                41.457753510188574
              ],
              [
                2.010984204645561,
                41.45755365657736
              ],
              [
                2.010515781893142,
                41.45664513666128
              ],
              [
                2.00628182720746,
                41.458056586810976
              ],
              [
                1.999730081274846,
                41.460240272969905
              ],
              [
                2.00001988433529,
                41.460421597660336
              ]
            ]
          ]
        ]
      },
      "properties": {
        "name": "EMD Valldoreix",
        "code": "CB06",
        "updated_at": "2024-04-15",
        "url": "https://www.valldoreix.cat/competencies-de-lemd-valldoreix/"
      }
    },
    {
      "type": "Feature",
      "geometry": {
        "type": "MultiPolygon",
        "coordinates": [
          [
            [
              [
                2.088146391104203,
                41.484373578547284
              ],
              [
                2.087797141842587,
                41.484215183331685
              ],
              [
                2.086004897880184,
                41.483384456927375
              ],
              [
                2.08523471668448,
                41.48304849947347
              ],
              [
                2.084162823040578,
                41.482591024286464
              ],
              [
                2.083361100802421,
                41.48223759624371
              ],
              [
                2.082862258069229,
                41.48203989755302
              ],
              [
                2.081597492150828,
                41.48155237010623
              ],
              [
                2.080896522305729,
                41.48135615536161
              ],
              [
                2.080138932338405,
                41.48117341168745
              ],
              [
                2.07950544296436,
                41.4810467264422
              ],
              [
                2.078912891550046,
                41.4809404120458
              ],
              [
                2.076509925762992,
                41.48074608926051
              ],
              [
                2.076653915865376,
                41.48025955348121
              ],
              [
                2.073801804348252,
                41.48014129350987
              ],
              [
                2.073435501800212,
                41.480137448939026
              ],
              [
                2.076116317791682,
                41.47518144502241
              ],
              [
                2.076074698530093,
                41.47521265030226
              ],
              [
                2.075733440381023,
                41.47547641496869
              ],
              [
                2.075436898972157,
                41.47570561465515
              ],
              [
                2.075434918928771,
                41.47570714504148
              ],
              [
                2.075017359031801,
                41.476035626758964
              ],
              [
                2.073920326651149,
                41.476573173757465
              ],
              [
                2.071695951982305,
                41.47757192451682
              ],
              [
                2.071316013923748,
                41.477700205600755
              ],
              [
                2.070995479939834,
                41.47777618030727
              ],
              [
                2.070009371280634,
                41.47796337638329
              ],
              [
                2.069271704752684,
                41.478118462403664
              ],
              [
                2.069161219982703,
                41.478008134116045
              ],
              [
                2.069061743794122,
                41.477955807777754
              ],
              [
                2.068995104591744,
                41.477949301266534
              ],
              [
                2.068942540374457,
                41.47794565155913
              ],
              [
                2.068858669609735,
                41.477950834815864
              ],
              [
                2.068772556615072,
                41.47797651760309
              ],
              [
                2.068705400717427,
                41.47801202647358
              ],
              [
                2.068664384482643,
                41.47804569519432
              ],
              [
                2.068632649841277,
                41.47808442194001
              ],
              [
                2.068610934540268,
                41.4781255090231
              ],
              [
                2.068597986318674,
                41.47817185748004
              ],
              [
                2.068592614912168,
                41.47822537852448
              ],
              [
                2.068100087264782,
                41.47835960633341
              ],
              [
                2.067694180333108,
                41.478472125750386
              ],
              [
                2.067253102385213,
                41.47868088879454
              ],
              [
                2.066933783564151,
                41.47880392991483
              ],
              [
                2.066723292653146,
                41.478726382983794
              ],
              [
                2.066569113809388,
                41.47869641419844
              ],
              [
                2.06626375705209,
                41.478731881546985
              ],
              [
                2.06570367596975,
                41.47879057647978
              ],
              [
                2.064917871857844,
                41.47887940098397
              ],
              [
                2.064779631506894,
                41.47891584840599
              ],
              [
                2.064603553611873,
                41.4790324859184
              ],
              [
                2.06447960950115,
                41.479162670624646
              ],
              [
                2.063612034266148,
                41.47924721140403
              ],
              [
                2.063253041826192,
                41.47933543807752
              ],
              [
                2.062526959260254,
                41.47951387734887
              ],
              [
                2.057083093519259,
                41.48020968483156
              ],
              [
                2.05664850001991,
                41.48026478948934
              ],
              [
                2.05420323608909,
                41.48090742748763
              ],
              [
                2.0535578915897,
                41.48107701876
              ],
              [
                2.051068326959263,
                41.48168326147921
              ],
              [
                2.050272208290821,
                41.48191452667715
              ],
              [
                2.048937603629947,
                41.48230190633458
              ],
              [
                2.048398804137435,
                41.48252772546367
              ],
              [
                2.048292503959097,
                41.482573869877896
              ],
              [
                2.047931765128385,
                41.48273046369909
              ],
              [
                2.046613967451137,
                41.480641084980135
              ],
              [
                2.044959221409282,
                41.47871451521644
              ],
              [
                2.044046443580329,
                41.47781765033065
              ],
              [
                2.043091465863327,
                41.47696800377347
              ],
              [
                2.04298398820222,
                41.47687237870015
              ],
              [
                2.04195006328209,
                41.476141605396165
              ],
              [
                2.040004912887,
                41.47495087670453
              ],
              [
                2.03838359522772,
                41.47481336358394
              ],
              [
                2.037733452847265,
                41.47497421609838
              ],
              [
                2.037609456188243,
                41.47506745733117
              ],
              [
                2.038113096190869,
                41.475715565295594
              ],
              [
                2.0381543703267,
                41.475759145663716
              ],
              [
                2.038174368707008,
                41.475783632701386
              ],
              [
                2.03819331604519,
                41.47579820287913
              ],
              [
                2.038209721878347,
                41.47582265986882
              ],
              [
                2.038230877879657,
                41.47584985877679
              ],
              [
                2.038233206356433,
                41.475854381914196
              ],
              [
                2.038243344985009,
                41.475897701894226
              ],
              [
                2.038244449309197,
                41.47590401626203
              ],
              [
                2.038252565703081,
                41.47592209879684
              ],
              [
                2.038270022659623,
                41.47595647263387
              ],
              [
                2.038282796035998,
                41.4759836014397
              ],
              [
                2.038313252757184,
                41.476029793499876
              ],
              [
                2.038321435753017,
                41.47604337291949
              ],
              [
                2.038324775382591,
                41.47606051477634
              ],
              [
                2.038327768863622,
                41.47610107280614
              ],
              [
                2.038334674460878,
                41.476120045944484
              ],
              [
                2.038347301449641,
                41.476157081585406
              ],
              [
                2.038354220371398,
                41.47617515410048
              ],
              [
                2.038369402200419,
                41.476201402299175
              ],
              [
                2.038401336178058,
                41.47622869128554
              ],
              [
                2.038417888630789,
                41.476243241403246
              ],
              [
                2.038452364145142,
                41.47626064355653
              ],
              [
                2.038473826553152,
                41.47626712811337
              ],
              [
                2.038521608068929,
                41.476275634147214
              ],
              [
                2.03857057382053,
                41.47628505079363
              ],
              [
                2.03862310556787,
                41.47629629869232
              ],
              [
                2.038656530031663,
                41.47630378393258
              ],
              [
                2.038682809227008,
                41.47630850724331
              ],
              [
                2.038729353344154,
                41.47631970504884
              ],
              [
                2.038775870862867,
                41.47633270407991
              ],
              [
                2.038970150911581,
                41.47639647814817
              ],
              [
                2.039141904290815,
                41.476444751236336
              ],
              [
                2.039220210119089,
                41.47649494570918
              ],
              [
                2.039278916539545,
                41.476574700619565
              ],
              [
                2.039306979162611,
                41.47662087241679
              ],
              [
                2.039375439627777,
                41.4767700652111
              ],
              [
                2.039384222016632,
                41.476824182557934
              ],
              [
                2.039363039210389,
                41.47687985110223
              ],
              [
                2.039308697503057,
                41.47691002215372
              ],
              [
                2.039009803839081,
                41.47703633009152
              ],
              [
                2.038908358301817,
                41.47709312937906
              ],
              [
                2.038806952510138,
                41.477147226708674
              ],
              [
                2.0387236428874,
                41.477192467859
              ],
              [
                2.038704309074186,
                41.477204015803636
              ],
              [
                2.038660704821611,
                41.47723697848665
              ],
              [
                2.03859281673925,
                41.47729225650142
              ],
              [
                2.038572019108062,
                41.47732180685118
              ],
              [
                2.038550862061408,
                41.477375673988135
              ],
              [
                2.038539604880848,
                41.477408006280825
              ],
              [
                2.038512646365643,
                41.47744921464949
              ],
              [
                2.038480764474402,
                41.47749938918469
              ],
              [
                2.038469760167948,
                41.47751460965411
              ],
              [
                2.038465941192707,
                41.4775298901912
              ],
              [
                2.038473898097155,
                41.47755878017038
              ],
              [
                2.038480830507979,
                41.4775759520537
              ],
              [
                2.038492020675104,
                41.477629188855126
              ],
              [
                2.038503304042242,
                41.477676121302395
              ],
              [
                2.03851605072967,
                41.47778611729839
              ],
              [
                2.038528718061994,
                41.4778204510479
              ],
              [
                2.038550872725537,
                41.477861169234224
              ],
              [
                2.038554172566413,
                41.47788101294618
              ],
              [
                2.038555117216842,
                41.47789813477141
              ],
              [
                2.038537526028453,
                41.47795383317373
              ],
              [
                2.038517300067776,
                41.47802572274275
              ],
              [
                2.038509422459307,
                41.478072495009016
              ],
              [
                2.038506268546855,
                41.47812381042782
              ],
              [
                2.038496195463178,
                41.47815705334349
              ],
              [
                2.038462569816843,
                41.478244143343844
              ],
              [
                2.038447533344903,
                41.47828905428983
              ],
              [
                2.038442130670297,
                41.478330442841774
              ],
              [
                2.038426974344697,
                41.47838345937942
              ],
              [
                2.038419961363476,
                41.47845275719
              ],
              [
                2.038424418824591,
                41.47847531278072
              ],
              [
                2.038432495636579,
                41.4784960971639
              ],
              [
                2.038515859379939,
                41.47860938569752
              ],
              [
                2.038544135295048,
                41.47864114772113
              ],
              [
                2.038607899295725,
                41.47870293056601
              ],
              [
                2.038630267267597,
                41.47872923878738
              ],
              [
                2.038662202576956,
                41.478756527703865
              ],
              [
                2.038738089000601,
                41.478808503734975
              ],
              [
                2.038789039285496,
                41.47884585959633
              ],
              [
                2.038804421516557,
                41.47885859840819
              ],
              [
                2.038858711781573,
                41.478913096076695
              ],
              [
                2.038894120260648,
                41.47894852054846
              ],
              [
                2.038997099120658,
                41.47903134771527
              ],
              [
                2.039030205705926,
                41.47906044778114
              ],
              [
                2.039063365539493,
                41.47908594535058
              ],
              [
                2.039103631086634,
                41.479116906672274
              ],
              [
                2.039111921056979,
                41.479123281060325
              ],
              [
                2.03914023739556,
                41.47915234107479
              ],
              [
                2.039164881179175,
                41.479186774799594
              ],
              [
                2.03918597213544,
                41.479218476641016
              ],
              [
                2.039215991985754,
                41.479294388977934
              ],
              [
                2.039236790348134,
                41.47934590448902
              ],
              [
                2.039245838974738,
                41.47938200938975
              ],
              [
                2.039267555636378,
                41.47945244795573
              ],
              [
                2.039290483238483,
                41.47952199589878
              ],
              [
                2.039309618582565,
                41.479605023154
              ],
              [
                2.039339891469255,
                41.479663823643875
              ],
              [
                2.039364269531808,
                41.47971626976103
              ],
              [
                2.039388009208027,
                41.479811945716456
              ],
              [
                2.039518017613876,
                41.48009225863926
              ],
              [
                2.039694535334052,
                41.48046753667295
              ],
              [
                2.039738887785183,
                41.480546270724986
              ],
              [
                2.039799461827291,
                41.480662070226025
              ],
              [
                2.039837693508656,
                41.48074976046593
              ],
              [
                2.039858346569773,
                41.48081118270072
              ],
              [
                2.039866477295346,
                41.48082836449607
              ],
              [
                2.039874701085086,
                41.48083924193889
              ],
              [
                2.039901913939906,
                41.48086198741953
              ],
              [
                2.039942021454836,
                41.480903755914795
              ],
              [
                2.039998709597311,
                41.480958273048
              ],
              [
                2.04004378051137,
                41.48098837341068
              ],
              [
                2.040077114506622,
                41.48100216261173
              ],
              [
                2.040106935400519,
                41.48101051808769
              ],
              [
                2.040136809465126,
                41.48101527106899
              ],
              [
                2.040215785992393,
                41.481020433804105
              ],
              [
                2.040249292800684,
                41.48102251487274
              ],
              [
                2.040334191012703,
                41.48103223060339
              ],
              [
                2.040402335838623,
                41.48104090576319
              ],
              [
                2.040460912997192,
                41.481048600330304
              ],
              [
                2.040502829751725,
                41.481048950021005
              ],
              [
                2.040579530671818,
                41.48104598692851
              ],
              [
                2.040632305723503,
                41.48104102275161
              ],
              [
                2.040905775116786,
                41.4810153807749
              ],
              [
                2.040946600470394,
                41.48100851534128
              ],
              [
                2.041030885404142,
                41.48097859320541
              ],
              [
                2.041073120786458,
                41.48095732775994
              ],
              [
                2.041155275889547,
                41.48090937312093
              ],
              [
                2.041201316458104,
                41.48087372762685
              ],
              [
                2.041254569234213,
                41.4808363407681
              ],
              [
                2.04127511458728,
                41.480823901769554
              ],
              [
                2.041302885460837,
                41.48080882079661
              ],
              [
                2.041326997099358,
                41.48079821298036
              ],
              [
                2.041365506681998,
                41.48078592369858
              ],
              [
                2.041385919264882,
                41.48078249090083
              ],
              [
                2.041417070579268,
                41.480781849798646
              ],
              [
                2.041455314688476,
                41.480787572928996
              ],
              [
                2.041508915482332,
                41.48080783574743
              ],
              [
                2.041539841197732,
                41.480822505188556
              ],
              [
                2.041577819928493,
                41.48084624072147
              ],
              [
                2.041600269455665,
                41.480867144643334
              ],
              [
                2.041634217469331,
                41.48092057075051
              ],
              [
                2.041648433007854,
                41.48101256393775
              ],
              [
                2.041680185158535,
                41.481377625241564
              ],
              [
                2.041742847120505,
                41.48167719056555
              ],
              [
                2.041772950658808,
                41.481747698514646
              ],
              [
                2.041821884745768,
                41.48184088164656
              ],
              [
                2.041970323250208,
                41.48209072036547
              ],
              [
                2.042066579950023,
                41.482223929789804
              ],
              [
                2.042203636589328,
                41.4823520745082
              ],
              [
                2.042245823500178,
                41.48241547709183
              ],
              [
                2.042266452819113,
                41.482478700150686
              ],
              [
                2.042272723642791,
                41.48254090291069
              ],
              [
                2.042265661174574,
                41.48261380343347
              ],
              [
                2.04221430282008,
                41.48276650027939
              ],
              [
                2.042200306323513,
                41.482822229135174
              ],
              [
                2.042192457238875,
                41.482867200393244
              ],
              [
                2.0421878960582,
                41.48293291587735
              ],
              [
                2.042189163998473,
                41.483009488693085
              ],
              [
                2.042196141711511,
                41.48310502443773
              ],
              [
                2.04221202033228,
                41.4831655057398
              ],
              [
                2.042294136659264,
                41.483364350662676
              ],
              [
                2.042308923858449,
                41.483417617002054
              ],
              [
                2.042325240287121,
                41.48344837776331
              ],
              [
                2.042342820704621,
                41.48347464538481
              ],
              [
                2.042450283509211,
                41.48357912433436
              ],
              [
                2.042490447357699,
                41.48361728946897
              ],
              [
                2.042530531700267,
                41.48366085832158
              ],
              [
                2.042568326820405,
                41.48369720224486
              ],
              [
                2.042626402857065,
                41.483739119368664
              ],
              [
                2.042689335942566,
                41.48377657322867
              ],
              [
                2.042747637478323,
                41.48380317971848
              ],
              [
                2.042846394873581,
                41.48384813750749
              ],
              [
                2.042930965856272,
                41.48388036691064
              ],
              [
                2.042975001506965,
                41.483899648714974
              ],
              [
                2.043002309487151,
                41.48391608912098
              ],
              [
                2.043020009572493,
                41.48393425104275
              ],
              [
                2.043032839452016,
                41.483957776833535
              ],
              [
                2.043037338613345,
                41.48397763037912
              ],
              [
                2.043041466723992,
                41.484022701341615
              ],
              [
                2.043046925036386,
                41.48405877604839
              ],
              [
                2.043056148662737,
                41.484083172563274
              ],
              [
                2.043092547873067,
                41.4841330156829
              ],
              [
                2.043161567911352,
                41.484245280705004
              ],
              [
                2.043211663744809,
                41.484341175076864
              ],
              [
                2.043312086400837,
                41.48459871912526
              ],
              [
                2.043405336925808,
                41.484855302692466
              ],
              [
                2.043443324161336,
                41.48496010356666
              ],
              [
                2.043477116816343,
                41.48502433659512
              ],
              [
                2.043509857545218,
                41.485078652811254
              ],
              [
                2.043531098193035,
                41.48510044702482
              ],
              [
                2.043576200092747,
                41.48512874478581
              ],
              [
                2.043630883618279,
                41.48515712220322
              ],
              [
                2.043662916864519,
                41.48517810540294
              ],
              [
                2.043697438233322,
                41.48519280415673
              ],
              [
                2.043711664946274,
                41.48520283050004
              ],
              [
                2.043720955192483,
                41.48522272385106
              ],
              [
                2.043742209200709,
                41.48524361740431
              ],
              [
                2.043788389813102,
                41.48528003063977
              ],
              [
                2.04383326684343,
                41.48532363887626
              ],
              [
                2.043893819989092,
                41.48536017155444
              ],
              [
                2.043975799457935,
                41.48540588962527
              ],
              [
                2.044049130342885,
                41.48546955039625
              ],
              [
                2.044099089733579,
                41.4854933846646
              ],
              [
                2.044163540756235,
                41.48550923275795
              ],
              [
                2.044185006788545,
                41.48551571627723
              ],
              [
                2.044230148970756,
                41.48554131191954
              ],
              [
                2.044314391969295,
                41.485596055879746
              ],
              [
                2.044383051676264,
                41.4856515710337
              ],
              [
                2.044426824287515,
                41.48568886473635
              ],
              [
                2.044536073988819,
                41.485753724348555
              ],
              [
                2.044635861298086,
                41.48581039866865
              ],
              [
                2.044700154012569,
                41.48583705393135
              ],
              [
                2.044812196510335,
                41.48587491451556
              ],
              [
                2.044834754618124,
                41.48588861283987
              ],
              [
                2.044855995974034,
                41.48591040681326
              ],
              [
                2.044957087329221,
                41.485959885827405
              ],
              [
                2.045081160232866,
                41.48599424311831
              ],
              [
                2.045177659380585,
                41.48603017282993
              ],
              [
                2.045258826331882,
                41.48604976200983
              ],
              [
                2.045312617750394,
                41.4860574143837
              ],
              [
                2.045459857442055,
                41.486064040869884
              ],
              [
                2.045561623620392,
                41.486067587618216
              ],
              [
                2.045697071232541,
                41.4860615056945
              ],
              [
                2.045746270083924,
                41.48605560877838
              ],
              [
                2.045783478556904,
                41.486050513094824
              ],
              [
                2.045791915424574,
                41.4860469801633
              ],
              [
                2.046236377833665,
                41.485961494309414
              ],
              [
                2.046320574417166,
                41.48593787272297
              ],
              [
                2.046332696832938,
                41.48592806518693
              ],
              [
                2.046354612261864,
                41.48590392713591
              ],
              [
                2.04636806444615,
                41.48588512330075
              ],
              [
                2.046382635095888,
                41.48587173313028
              ],
              [
                2.046407971943164,
                41.4858593329546
              ],
              [
                2.046435677793297,
                41.485848753878706
              ],
              [
                2.046454933624204,
                41.48584260840026
              ],
              [
                2.046482560229105,
                41.48583743304883
              ],
              [
                2.046529323808822,
                41.48583421780367
              ],
              [
                2.046565268366707,
                41.485833615049216
              ],
              [
                2.046589196195369,
                41.48583561486716
              ],
              [
                2.046653608580551,
                41.485854163442255
              ],
              [
                2.046756057375946,
                41.48589284334455
              ],
              [
                2.046828814259014,
                41.48591416317779
              ],
              [
                2.046874195370122,
                41.485923546585205
              ],
              [
                2.046905388719886,
                41.485920202154375
              ],
              [
                2.04694762546171,
                41.48589893458333
              ],
              [
                2.047014146375195,
                41.48585534991094
              ],
              [
                2.047071125097998,
                41.48580898394288
              ],
              [
                2.047083260574438,
                41.485798275703246
              ],
              [
                2.047109834562419,
                41.485783183425895
              ],
              [
                2.04714108061764,
                41.48577623643888
              ],
              [
                2.047171010195632,
                41.4857773851265
              ],
              [
                2.047207967700396,
                41.485789400813125
              ],
              [
                2.047222221481252,
                41.48579762548256
              ],
              [
                2.047242371461299,
                41.48581220411896
              ],
              [
                2.047261178600951,
                41.48583667968184
              ],
              [
                2.047261980483546,
                41.48586370828912
              ],
              [
                2.04726420438287,
                41.48587543622924
              ],
              [
                2.047257661654244,
                41.48591321278142
              ],
              [
                2.047260924935589,
                41.48593575811722
              ],
              [
                2.04727270416157,
                41.4859493666746
              ],
              [
                2.047302462302671,
                41.4859622234259
              ],
              [
                2.047350199368795,
                41.48597432835724
              ],
              [
                2.047371705461248,
                41.485978109417644
              ],
              [
                2.047412414570184,
                41.48597934732637
              ],
              [
                2.047509469041287,
                41.48597744893359
              ],
              [
                2.047576580639286,
                41.485975302506446
              ],
              [
                2.047634242407925,
                41.48596407046992
              ],
              [
                2.04766315901225,
                41.485952600391556
              ],
              [
                2.047735232880135,
                41.48593878544231
              ],
              [
                2.047770019339583,
                41.48593547052629
              ],
              [
                2.047803568521068,
                41.485934847552834
              ],
              [
                2.047853859327031,
                41.48593616463175
              ],
              [
                2.047896924293735,
                41.48594012406853
              ],
              [
                2.047945898728151,
                41.4859495367995
              ],
              [
                2.04798169831659,
                41.48595884045621
              ],
              [
                2.047990029581577,
                41.485962512346234
              ],
              [
                2.048003059417659,
                41.48597252825223
              ],
              [
                2.048015983786231,
                41.48598974914106
              ],
              [
                2.048033672656151,
                41.48600881092863
              ],
              [
                2.048046728875252,
                41.486017025583706
              ],
              [
                2.048063365061877,
                41.486026170599985
              ],
              [
                2.048078803537171,
                41.486035305700874
              ],
              [
                2.048089437969051,
                41.486045301771156
              ],
              [
                2.048093991541907,
                41.48606155263756
              ],
              [
                2.048099439628686,
                41.48609852774655
              ],
              [
                2.048096688256558,
                41.48612282474285
              ],
              [
                2.048092936908332,
                41.48613360248059
              ],
              [
                2.048077063363556,
                41.4861541879414
              ],
              [
                2.048072167024747,
                41.4861613532732
              ],
              [
                2.048040775857901,
                41.48617820736495
              ],
              [
                2.048011661455876,
                41.48620318688246
              ],
              [
                2.04799699877197,
                41.48622288162226
              ],
              [
                2.047991627780851,
                41.48626246937799
              ],
              [
                2.048000748092405,
                41.486294070493955
              ],
              [
                2.048016896531641,
                41.486336538567514
              ],
              [
                2.048046417692821,
                41.48636560634255
              ],
              [
                2.048077176152788,
                41.486391982154316
              ],
              [
                2.048131796821928,
                41.486424860572576
              ],
              [
                2.048168557145183,
                41.48645038529994
              ],
              [
                2.048194590706424,
                41.486472218317026
              ],
              [
                2.048233285189281,
                41.48652928465304
              ],
              [
                2.048313753513662,
                41.48667857131592
              ],
              [
                2.048359634595394,
                41.48673569707393
              ],
              [
                2.048391551548444,
                41.4867647845824
              ],
              [
                2.048455662282956,
                41.486804046489844
              ],
              [
                2.048540253116996,
                41.4868353711991
              ],
              [
                2.048583266018886,
                41.486842932877195
              ],
              [
                2.048676451891467,
                41.486859916873605
              ],
              [
                2.048727677678984,
                41.486879255946484
              ],
              [
                2.048764451667234,
                41.48690387986353
              ],
              [
                2.048795157978224,
                41.48693385797896
              ],
              [
                2.048812597036603,
                41.48697003148745
              ],
              [
                2.048842539368358,
                41.48705224572938
              ],
              [
                2.04885142308639,
                41.48710005799459
              ],
              [
                2.04883807572656,
                41.48719362374111
              ],
              [
                2.048826927236302,
                41.487218752038004
              ],
              [
                2.048824281467044,
                41.48723584406502
              ],
              [
                2.048820055929105,
                41.48727904425467
              ],
              [
                2.048828084424474,
                41.4873034304154
              ],
              [
                2.048845655327288,
                41.487330597687446
              ],
              [
                2.048870439034085,
                41.487356023141245
              ],
              [
                2.048916808444404,
                41.48737982562793
              ],
              [
                2.048939328432667,
                41.48739622502748
              ],
              [
                2.048952319185234,
                41.48740894269722
              ],
              [
                2.048959308061983,
                41.48742251146807
              ],
              [
                2.048973061910827,
                41.48746495960044
              ],
              [
                2.048976352198294,
                41.487485703642584
              ],
              [
                2.048972218941814,
                41.48752259947556
              ],
              [
                2.048968335938359,
                41.48754238347036
              ],
              [
                2.048955844803065,
                41.487577408727425
              ],
              [
                2.048933639971117,
                41.48762136097792
              ],
              [
                2.048907802352564,
                41.48766798537838
              ],
              [
                2.048895469230048,
                41.48769220315157
              ],
              [
                2.048886782030733,
                41.48771284814615
              ],
              [
                2.048881780277874,
                41.48772721849411
              ],
              [
                2.048877699641206,
                41.487760511829485
              ],
              [
                2.048881950549778,
                41.48779747699177
              ],
              [
                2.04889284788048,
                41.487871427125164
              ],
              [
                2.048900507639992,
                41.487921030722404
              ],
              [
                2.048923277155589,
                41.488002284883365
              ],
              [
                2.048964723435453,
                41.488117020557276
              ],
              [
                2.049010553400488,
                41.48817774855008
              ],
              [
                2.049041168221292,
                41.4882140309615
              ],
              [
                2.049108873338467,
                41.488335288816565
              ],
              [
                2.049149254081287,
                41.48844100829094
              ],
              [
                2.049160823442389,
                41.488469026625204
              ],
              [
                2.049187713507354,
                41.488514285520765
              ],
              [
                2.049228976764303,
                41.48855966322953
              ],
              [
                2.049267976229122,
                41.488596014891954
              ],
              [
                2.04931754494175,
                41.48864686561495
              ],
              [
                2.049384369236719,
                41.48874649845757
              ],
              [
                2.049438518574618,
                41.488811798696425
              ],
              [
                2.049465487962544,
                41.488851653790164
              ],
              [
                2.049477136520523,
                41.48887426835507
              ],
              [
                2.049501710418392,
                41.48891410364233
              ],
              [
                2.049515543907089,
                41.48895114796826
              ],
              [
                2.049524230887469,
                41.48901246951818
              ],
              [
                2.049528613876622,
                41.48904042842387
              ],
              [
                2.049530917269758,
                41.48904675258154
              ],
              [
                2.04953562937188,
                41.489052195913125
              ],
              [
                2.049543947955597,
                41.489056768316715
              ],
              [
                2.049554662085041,
                41.48906136051623
              ],
              [
                2.049615485207577,
                41.489079877770195
              ],
              [
                2.049627397118701,
                41.48908447986064
              ],
              [
                2.049652287091771,
                41.48910270016484
              ],
              [
                2.049657025533432,
                41.4891063422456
              ],
              [
                2.049659328941321,
                41.489112666400786
              ],
              [
                2.04966138226013,
                41.48913610239239
              ],
              [
                2.049658117976876,
                41.48919552371376
              ],
              [
                2.049655235406346,
                41.489228826968755
              ],
              [
                2.049647640705678,
                41.48925668689657
              ],
              [
                2.049641428056076,
                41.489271947999896
              ],
              [
                2.04962920019493,
                41.48928896086124
              ],
              [
                2.049607245315067,
                41.489315801391804
              ],
              [
                2.04959750513627,
                41.489326529684476
              ],
              [
                2.049586382884441,
                41.489349856799166
              ],
              [
                2.049585461420519,
                41.489412900403046
              ],
              [
                2.049593279833279,
                41.4894516964737
              ],
              [
                2.049595438446122,
                41.48946792748177
              ],
              [
                2.049587870017648,
                41.489493986158145
              ],
              [
                2.049559899817958,
                41.48952257843345
              ],
              [
                2.049531969087348,
                41.48954846883293
              ],
              [
                2.049491981526421,
                41.489579663973025
              ],
              [
                2.049470144979284,
                41.48959839886878
              ],
              [
                2.049427932951475,
                41.489617866090306
              ],
              [
                2.049390604196029,
                41.489631068536646
              ],
              [
                2.049380903433816,
                41.489639094941055
              ],
              [
                2.049378257699531,
                41.48965618697418
              ],
              [
                2.049382824998099,
                41.48967153716276
              ],
              [
                2.049401634039035,
                41.48969601237976
              ],
              [
                2.049403753111609,
                41.489714945258754
              ],
              [
                2.049392604388324,
                41.48974007359732
              ],
              [
                2.049378112470383,
                41.48974806040081
              ],
              [
                2.0493600666951,
                41.48975331563284
              ],
              [
                2.04931681476047,
                41.48976196543777
              ],
              [
                2.049289186695048,
                41.489767141451274
              ],
              [
                2.049279551740832,
                41.489770664732745
              ],
              [
                2.049273457468388,
                41.489777820208474
              ],
              [
                2.049269692923928,
                41.48978949860042
              ],
              [
                2.04927054833293,
                41.489812924693666
              ],
              [
                2.049272430340646,
                41.489848068783985
              ],
              [
                2.049274509874741,
                41.48986970353278
              ],
              [
                2.049268244403051,
                41.48988856710378
              ],
              [
                2.049249750845325,
                41.48992444349116
              ],
              [
                2.049221793478853,
                41.489952135055844
              ],
              [
                2.049216910140558,
                41.48995839980727
              ],
              [
                2.049208235895859,
                41.489978144193245
              ],
              [
                2.049191927145848,
                41.4900284503376
              ],
              [
                2.049188070384326,
                41.490046433085006
              ],
              [
                2.049175605200137,
                41.490079657101624
              ],
              [
                2.049157164215432,
                41.49011193098105
              ],
              [
                2.049143369507695,
                41.490154151317675
              ],
              [
                2.04913443180571,
                41.49019190815031
              ],
              [
                2.049120847794967,
                41.49021971852075
              ],
              [
                2.049103788928156,
                41.490239393576005
              ],
              [
                2.049067407287937,
                41.490269717644914
              ],
              [
                2.049052849353692,
                41.49028220751816
              ],
              [
                2.049027155618335,
                41.49031892506495
              ],
              [
                2.049019705405854,
                41.49033687809312
              ],
              [
                2.049005712974676,
                41.49039260774921
              ],
              [
                2.048996524881562,
                41.490447476397634
              ],
              [
                2.048994931910399,
                41.49047448517095
              ],
              [
                2.049010989782784,
                41.49052325745035
              ],
              [
                2.049034313509891,
                41.49056668541587
              ],
              [
                2.049058677008628,
                41.49062093075135
              ],
              [
                2.049064020605496,
                41.490665110776106
              ],
              [
                2.0490657708017,
                41.49070926108943
              ],
              [
                2.049076103194574,
                41.490739971389196
              ],
              [
                2.049097163144642,
                41.490774373308845
              ],
              [
                2.049141784085502,
                41.49083599196196
              ],
              [
                2.04918312777339,
                41.490875965948945
              ],
              [
                2.049226998819086,
                41.490906953499604
              ],
              [
                2.049269803788538,
                41.49092892490638
              ],
              [
                2.049284032612147,
                41.49093895057291
              ],
              [
                2.049302789299613,
                41.49096702829457
              ],
              [
                2.049341473722184,
                41.491106961430866
              ],
              [
                2.049356794607599,
                41.4912061685249
              ],
              [
                2.049364520905303,
                41.4912512689579
              ],
              [
                2.04936698192272,
                41.4913287521996
              ],
              [
                2.049357201432743,
                41.49142414888396
              ],
              [
                2.049348591917157,
                41.49160332326061
              ],
              [
                2.049343260746371,
                41.49164020917934
              ],
              [
                2.049340456892212,
                41.49166810867463
              ],
              [
                2.049340890955214,
                41.491720354679764
              ],
              [
                2.049342838878017,
                41.491750995645994
              ],
              [
                2.049346274325019,
                41.4917618328186
              ],
              [
                2.049360332156456,
                41.4917835665685
              ],
              [
                2.049397095959633,
                41.491809090916895
              ],
              [
                2.049431424643942,
                41.49183729732107
              ],
              [
                2.049464529200906,
                41.49186729506045
              ],
              [
                2.04952470978357,
                41.49192994288317
              ],
              [
                2.049616810525724,
                41.49202167785026
              ],
              [
                2.049640424792154,
                41.49204529199656
              ],
              [
                2.049651020940179,
                41.49205798979261
              ],
              [
                2.049661590764384,
                41.49207248883272
              ],
              [
                2.049670962765213,
                41.49208697797426
              ],
              [
                2.049675569784477,
                41.492099626279796
              ],
              [
                2.049685705220171,
                41.49214384586041
              ],
              [
                2.049691115167485,
                41.49218352273779
              ],
              [
                2.049690614949928,
                41.492217746392676
              ],
              [
                2.049681703586323,
                41.49225370200981
              ],
              [
                2.049668014049367,
                41.492288717412784
              ],
              [
                2.049660563777133,
                41.49230667047586
              ],
              [
                2.049641635297605,
                41.492372267447564
              ],
              [
                2.049638133818108,
                41.4924478999374
              ],
              [
                2.049637607239047,
                41.492483924835064
              ],
              [
                2.049648769403408,
                41.49253986240603
              ],
              [
                2.049659049690449,
                41.492574175139474
              ],
              [
                2.049664788756587,
                41.4925913364547
              ],
              [
                2.049666921148571,
                41.49260936869881
              ],
              [
                2.049669040377527,
                41.49262830156527
              ],
              [
                2.049667289645248,
                41.49266611780917
              ],
              [
                2.04966435423533,
                41.49270302353258
              ],
              [
                2.049656614297057,
                41.492740790286526
              ],
              [
                2.049645228168974,
                41.492782129835184
              ],
              [
                2.049636987952375,
                41.49285412023766
              ],
              [
                2.049634052514781,
                41.49289102595882
              ],
              [
                2.049633065158653,
                41.492958572636425
              ],
              [
                2.04964345081658,
                41.49298568039053
              ],
              [
                2.049653981292528,
                41.493002881297684
              ],
              [
                2.049684427563939,
                41.493050871626316
              ],
              [
                2.049712688806075,
                41.49308443219441
              ],
              [
                2.04974337209796,
                41.4931162113051
              ],
              [
                2.049769224540273,
                41.49315065268773
              ],
              [
                2.049795077009756,
                41.49318509406463
              ],
              [
                2.049832723726255,
                41.49323224311124
              ],
              [
                2.049845676314288,
                41.49324766254863
              ],
              [
                2.049874082501434,
                41.49327131623162
              ],
              [
                2.049896407328363,
                41.49330122478696
              ],
              [
                2.049940938597072,
                41.493369147486234
              ],
              [
                2.049957234744705,
                41.493401708421594
              ],
              [
                2.050006557558809,
                41.49346967067524
              ],
              [
                2.050039334216439,
                41.493522183811805
              ],
              [
                2.050057881410185,
                41.493564671367224
              ],
              [
                2.050069188854438,
                41.493610702046695
              ],
              [
                2.050086367170321,
                41.49366488779436
              ],
              [
                2.05008944754967,
                41.493700041747495
              ],
              [
                2.050089619021276,
                41.493770300185155
              ],
              [
                2.050088052714354,
                41.493795507717415
              ],
              [
                2.050071677834277,
                41.49385031706225
              ],
              [
                2.050059778549261,
                41.49392678091551
              ],
              [
                2.050058106951121,
                41.493959193425056
              ],
              [
                2.050037901537276,
                41.49403018428232
              ],
              [
                2.04999408121793,
                41.49415952758655
              ],
              [
                2.049986617650839,
                41.49417838128591
              ],
              [
                2.049958290227862,
                41.4942312904164
              ],
              [
                2.049949655095775,
                41.49424833297339
              ],
              [
                2.049938321516113,
                41.49428607005057
              ],
              [
                2.049942573385547,
                41.494323035143054
              ],
              [
                2.049949536864234,
                41.49433840509212
              ],
              [
                2.049956197644476,
                41.494374489351955
              ],
              [
                2.050047500983453,
                41.49484902799162
              ],
              [
                2.050121879351573,
                41.495095295469135
              ],
              [
                2.050209770969217,
                41.49538630304195
              ],
              [
                2.050236914533295,
                41.49541444985591
              ],
              [
                2.050249591338267,
                41.49544878231243
              ],
              [
                2.050246682418269,
                41.49548388679095
              ],
              [
                2.050248657162662,
                41.49551272648346
              ],
              [
                2.050254475573988,
                41.49552448403227
              ],
              [
                2.050279236587003,
                41.49555171042981
              ],
              [
                2.050327863378255,
                41.49558543900869
              ],
              [
                2.050387376504755,
                41.49561205160836
              ],
              [
                2.050429105443905,
                41.49562590711265
              ],
              [
                2.050467227565282,
                41.495640633554096
              ],
              [
                2.050513550809155,
                41.49566803792048
              ],
              [
                2.050543103564581,
                41.49569530382034
              ],
              [
                2.050586610197856,
                41.495751508288734
              ],
              [
                2.05061113469051,
                41.4957949458152
              ],
              [
                2.050619033327484,
                41.49582833805512
              ],
              [
                2.050612662417571,
                41.49585440665539
              ],
              [
                2.050597985131075,
                41.49587500230157
              ],
              [
                2.050585493185265,
                41.49591002767779
              ],
              [
                2.050587389171907,
                41.49594427109698
              ],
              [
                2.050610755293039,
                41.4959849968676
              ],
              [
                2.050643809868143,
                41.4960185967628
              ],
              [
                2.050679102459625,
                41.49606302389025
              ],
              [
                2.050729704810526,
                41.49612559198703
              ],
              [
                2.050822392968136,
                41.49625966513165
              ],
              [
                2.05085860758045,
                41.4963230151565
              ],
              [
                2.050888740681272,
                41.49639262009633
              ],
              [
                2.050895283832991,
                41.49643680989609
              ],
              [
                2.050878422405521,
                41.49652494234993
              ],
              [
                2.050857084870783,
                41.49659142032433
              ],
              [
                2.050835760441022,
                41.49665699767146
              ],
              [
                2.050827941768331,
                41.4967001682133
              ],
              [
                2.050833313291226,
                41.496742546883496
              ],
              [
                2.050873227115619,
                41.49679872158402
              ],
              [
                2.050922921569466,
                41.496841466024065
              ],
              [
                2.05098323956591,
                41.496895106872664
              ],
              [
                2.051048073246726,
                41.49696770029133
              ],
              [
                2.051092910534959,
                41.49701490823271
              ],
              [
                2.051120015714012,
                41.497045756707905
              ],
              [
                2.05117057980408,
                41.49711102647902
              ],
              [
                2.051242535719746,
                41.497188182198144
              ],
              [
                2.051314833535343,
                41.49724192169772
              ],
              [
                2.051376586716224,
                41.497279361026806
              ],
              [
                2.051438287401348,
                41.49732040281183
              ],
              [
                2.051463062726438,
                41.49734672833638
              ],
              [
                2.051534215536193,
                41.49739685533177
              ],
              [
                2.051805256535384,
                41.49762427290604
              ],
              [
                2.052199332195757,
                41.49787702357754
              ],
              [
                2.05239039125899,
                41.49808486524991
              ],
              [
                2.052453993646114,
                41.49824211638345
              ],
              [
                2.052542992862446,
                41.49846533002531
              ],
              [
                2.05254374449112,
                41.49849596105091
              ],
              [
                2.052534571232801,
                41.49854992930273
              ],
              [
                2.052519657633261,
                41.49858673638484
              ],
              [
                2.05246460778882,
                41.49866464639
              ],
              [
                2.052409544682176,
                41.49874345698853
              ],
              [
                2.05236754075816,
                41.49883048173764
              ],
              [
                2.052343387872317,
                41.49892576013618
              ],
              [
                2.052316415736069,
                41.49896787220838
              ],
              [
                2.052284533560921,
                41.499018050385644
              ],
              [
                2.052274450930344,
                41.49905219505098
              ],
              [
                2.052275057993039,
                41.49909273291696
              ],
              [
                2.052286026497044,
                41.49916217953555
              ],
              [
                2.052294113262009,
                41.49926492942571
              ],
              [
                2.052303109136232,
                41.49938750287051
              ],
              [
                2.052327626072788,
                41.499513807129674
              ],
              [
                2.05236116225235,
                41.49967891709771
              ],
              [
                2.052393487493013,
                41.49984491780429
              ],
              [
                2.05254494450135,
                41.50046857017246
              ],
              [
                2.052573716355696,
                41.500960605810384
              ],
              [
                2.052664560731388,
                41.50113969869568
              ],
              [
                2.052779270088087,
                41.50124332674757
              ],
              [
                2.053012175014615,
                41.501375850624434
              ],
              [
                2.053162379337687,
                41.50151039537944
              ],
              [
                2.053265123210696,
                41.50161302370177
              ],
              [
                2.053367880523949,
                41.50171475131196
              ],
              [
                2.05344356058348,
                41.50186579611828
              ],
              [
                2.053486396264136,
                41.50205079829833
              ],
              [
                2.053495110636124,
                41.50227515175496
              ],
              [
                2.053500195751825,
                41.50233734396491
              ],
              [
                2.053533875960811,
                41.50241058026563
              ],
              [
                2.05358352855689,
                41.50253889251726
              ],
              [
                2.053632757036514,
                41.50261405819712
              ],
              [
                2.053646359612876,
                41.50266731318837
              ],
              [
                2.05365494717879,
                41.50273583931703
              ],
              [
                2.053667377997211,
                41.50278728320322
              ],
              [
                2.053757042944493,
                41.502965464747945
              ],
              [
                2.05479940165405,
                41.50288666556945
              ],
              [
                2.055614177935797,
                41.502720418995445
              ],
              [
                2.05531162737772,
                41.50540030700565
              ],
              [
                2.055496137936431,
                41.505483788875274
              ],
              [
                2.054755985690944,
                41.506860327252866
              ],
              [
                2.054660437484618,
                41.507003658545266
              ],
              [
                2.054501656900054,
                41.50721042167555
              ],
              [
                2.054494350313597,
                41.50721846816645
              ],
              [
                2.054452933184628,
                41.507264965560246
              ],
              [
                2.054435845136974,
                41.507286442561224
              ],
              [
                2.054413820480476,
                41.50731778698996
              ],
              [
                2.05440139379543,
                41.50734830960348
              ],
              [
                2.054395010077705,
                41.50737527898705
              ],
              [
                2.054392181373753,
                41.50740497978836
              ],
              [
                2.054388324926768,
                41.507422962660705
              ],
              [
                2.054369304775714,
                41.50749486459304
              ],
              [
                2.054366292571015,
                41.50753717409123
              ],
              [
                2.054365742121972,
                41.50757500018598
              ],
              [
                2.054367181619197,
                41.507640765243934
              ],
              [
                2.054371436742604,
                41.50767773012352
              ],
              [
                2.054369766811841,
                41.507710142638004
              ],
              [
                2.05435977558232,
                41.507737983083516
              ],
              [
                2.054346268626001,
                41.50776039024453
              ],
              [
                2.054331602860866,
                41.5077800856879
              ],
              [
                2.054320426591043,
                41.50780701565599
              ],
              [
                2.054315162270458,
                41.5078393986118
              ],
              [
                2.054317230841886,
                41.50786193384756
              ],
              [
                2.054320641709185,
                41.50787457210173
              ],
              [
                2.05432639639292,
                41.50789083254513
              ],
              [
                2.054354666363763,
                41.507924391980104
              ],
              [
                2.054367452518196,
                41.50795151898756
              ],
              [
                2.054367098653497,
                41.50797583576101
              ],
              [
                2.054362704809311,
                41.50803074410076
              ],
              [
                2.054332062489992,
                41.50816019710721
              ],
              [
                2.054326758822996,
                41.50819528192509
              ],
              [
                2.054317782126977,
                41.508235740912504
              ],
              [
                2.054304988214458,
                41.50829148090135
              ],
              [
                2.054293706983481,
                41.50832561583276
              ],
              [
                2.054288521246987,
                41.50835259505701
              ],
              [
                2.054289208189144,
                41.508387729134725
              ],
              [
                2.054296056180068,
                41.508411204400495
              ],
              [
                2.054305038294011,
                41.50845271179371
              ],
              [
                2.054319956330091,
                41.508662704304406
              ],
              [
                2.05431922233282,
                41.508713139086744
              ],
              [
                2.054313853072192,
                41.50875272700557
              ],
              [
                2.054313669571287,
                41.508765335700886
              ],
              [
                2.054319162185107,
                41.5087996085649
              ],
              [
                2.05432379745067,
                41.508810455427785
              ],
              [
                2.054342522024065,
                41.50884123418177
              ],
              [
                2.054417171481337,
                41.50898146096824
              ],
              [
                2.054487749454082,
                41.50907211414329
              ],
              [
                2.054540683061867,
                41.50914010399655
              ],
              [
                2.054556749460934,
                41.50918887543748
              ],
              [
                2.054556028737952,
                41.50923840959745
              ],
              [
                2.054449275230996,
                41.50982210489023
              ],
              [
                2.052971579726938,
                41.51081102155316
              ],
              [
                2.050926596597847,
                41.51217911698092
              ],
              [
                2.051270731204423,
                41.51240823180804
              ],
              [
                2.051586087336839,
                41.51252082965646
              ],
              [
                2.051900083689167,
                41.512723577631526
              ],
              [
                2.052326284572464,
                41.51310129703729
              ],
              [
                2.052460304156132,
                41.513176013316006
              ],
              [
                2.052643632443369,
                41.513262066601875
              ],
              [
                2.052710722573114,
                41.51332769322018
              ],
              [
                2.052766459768187,
                41.51341343905516
              ],
              [
                2.052792992851737,
                41.51351437616805
              ],
              [
                2.052817081530725,
                41.513686992797275
              ],
              [
                2.052852314375393,
                41.513767445169364
              ],
              [
                2.052903232447035,
                41.51384777541744
              ],
              [
                2.052945007625071,
                41.51389992485823
              ],
              [
                2.053077503613156,
                41.513976290342534
              ],
              [
                2.05330673586317,
                41.514081823770525
              ],
              [
                2.05339837215823,
                41.51415324808054
              ],
              [
                2.053454714751111,
                41.51422643547154
              ],
              [
                2.053604801057289,
                41.51441560736865
              ],
              [
                2.053721384049194,
                41.514571077278156
              ],
              [
                2.05395672286559,
                41.51477701914974
              ],
              [
                2.053998257845434,
                41.51481336567444
              ],
              [
                2.05411174558314,
                41.51488494937137
              ],
              [
                2.054177122615133,
                41.51490671871271
              ],
              [
                2.054403717792149,
                41.514931999839376
              ],
              [
                2.054572189131576,
                41.51499713225643
              ],
              [
                2.054876400241658,
                41.51515644160229
              ],
              [
                2.055082038125165,
                41.515305469022536
              ],
              [
                2.05531833895449,
                41.51544447515861
              ],
              [
                2.055458457052022,
                41.515589555210006
              ],
              [
                2.055543375246078,
                41.51573307340982
              ],
              [
                2.055860977178962,
                41.51588587489405
              ],
              [
                2.056153496452347,
                41.51597833852568
              ],
              [
                2.056279933074331,
                41.5159978388201
              ],
              [
                2.056398310168232,
                41.51600560422541
              ],
              [
                2.056530421708241,
                41.51603701093764
              ],
              [
                2.05664896497315,
                41.5161292935322
              ],
              [
                2.056790838512445,
                41.516314214967906
              ],
              [
                2.056873159534259,
                41.51640295109703
              ],
              [
                2.05696073587132,
                41.51653302298893
              ],
              [
                2.057174349144143,
                41.51694123007307
              ],
              [
                2.057314402850321,
                41.517229242890586
              ],
              [
                2.057482626737652,
                41.517476995765485
              ],
              [
                2.057553133714404,
                41.517759630054876
              ],
              [
                2.057676489401146,
                41.518139547891685
              ],
              [
                2.057770883232621,
                41.518383297455344
              ],
              [
                2.057802057718253,
                41.51849666443403
              ],
              [
                2.058014467727708,
                41.518686038917714
              ],
              [
                2.058183013511786,
                41.51870287821035
              ],
              [
                2.058679894332172,
                41.5187900338897
              ],
              [
                2.058872358678117,
                41.51876951927004
              ],
              [
                2.05911964106489,
                41.51871037237386
              ],
              [
                2.059257398399347,
                41.51870262976749
              ],
              [
                2.059374758902547,
                41.51871700447205
              ],
              [
                2.059448792295503,
                41.51877423199331
              ],
              [
                2.059513216769478,
                41.51885291884606
              ],
              [
                2.059871158302618,
                41.51900620444552
              ],
              [
                2.060411067937786,
                41.51916100042959
              ],
              [
                2.060589266548874,
                41.51920046430375
              ],
              [
                2.060733906159057,
                41.519266610491776
              ],
              [
                2.060827267867572,
                41.5193072643979
              ],
              [
                2.061157522291753,
                41.519393683777096
              ],
              [
                2.06156210051129,
                41.51936440750308
              ],
              [
                2.061827200854056,
                41.51935418938757
              ],
              [
                2.061940866743769,
                41.519361124251354
              ],
              [
                2.062060965737531,
                41.519371345679005
              ],
              [
                2.062200785525445,
                41.519388541535506
              ],
              [
                2.062279994722609,
                41.51940637340651
              ],
              [
                2.062444143860917,
                41.51946061275256
              ],
              [
                2.062516539934187,
                41.51947894150922
              ],
              [
                2.062804689281154,
                41.519485691255866
              ],
              [
                2.062983397629999,
                41.519457703567156
              ],
              [
                2.063218080425231,
                41.519464146517016
              ],
              [
                2.063365596807144,
                41.51949026110992
              ],
              [
                2.063865803093435,
                41.51963694039336
              ],
              [
                2.064333743595591,
                41.51904845069215
              ],
              [
                2.064426630068969,
                41.5173219467637
              ],
              [
                2.064442306447181,
                41.51716207704543
              ],
              [
                2.064437247491998,
                41.51711305426126
              ],
              [
                2.064432257100334,
                41.51704427904118
              ],
              [
                2.064422313442188,
                41.51697326577166
              ],
              [
                2.064419259073854,
                41.51691902604497
              ],
              [
                2.064414525811126,
                41.51684820825691
              ],
              [
                2.064413514600695,
                41.51677441229192
              ],
              [
                2.06441142183504,
                41.51673079997957
              ],
              [
                2.064413494153741,
                41.51670005692143
              ],
              [
                2.064419712831155,
                41.51661769975297
              ],
              [
                2.064427453904781,
                41.51651782676688
              ],
              [
                2.064433505273058,
                41.51638880144691
              ],
              [
                2.064442212266804,
                41.51629342194077
              ],
              [
                2.064457375834655,
                41.51616076869512
              ],
              [
                2.06447210535272,
                41.516039118829255
              ],
              [
                2.064487745347871,
                41.515920818066675
              ],
              [
                2.06450335379444,
                41.515833853420524
              ],
              [
                2.064520400877183,
                41.51576100588874
              ],
              [
                2.064544318770472,
                41.515671226446905
              ],
              [
                2.064569520283209,
                41.51560800193027
              ],
              [
                2.0646344082333,
                41.51545431607576
              ],
              [
                2.064650289050769,
                41.51541670396713
              ],
              [
                2.064652191932014,
                41.51537606949192
              ],
              [
                2.064651546123559,
                41.51535432063244
              ],
              [
                2.064649299793422,
                41.5152795612315
              ],
              [
                2.06464488502699,
                41.51513011994531
              ],
              [
                2.064642237287788,
                41.51503312927537
              ],
              [
                2.064641139879245,
                41.5149910722182
              ],
              [
                2.064640149447054,
                41.514952963090536
              ],
              [
                2.064638483770356,
                41.51489374146849
              ],
              [
                2.064636919243765,
                41.5148482378711
              ],
              [
                2.064631052177305,
                41.514721382526965
              ],
              [
                2.064629287469746,
                41.514700379542354
              ],
              [
                2.064624947458087,
                41.5146584854352
              ],
              [
                2.064619761609029,
                41.51461670805337
              ],
              [
                2.064615973700709,
                41.51458890209879
              ],
              [
                2.064607980193649,
                41.51453334783111
              ],
              [
                2.064588494062595,
                41.51437345404569
              ],
              [
                2.064565845545935,
                41.51419181795339
              ],
              [
                2.064547911795421,
                41.514047312226964
              ],
              [
                2.064532180913766,
                41.51392504152155
              ],
              [
                2.064526320797624,
                41.51386382020359
              ],
              [
                2.06452044808387,
                41.51374810074958
              ],
              [
                2.064511227023962,
                41.513584417234405
              ],
              [
                2.06450511352923,
                41.51345961646116
              ],
              [
                2.06449855181604,
                41.51334098204001
              ],
              [
                2.064503447118853,
                41.513240626486244
              ],
              [
                2.064512143914658,
                41.51316127009756
              ],
              [
                2.064518387760993,
                41.513121734501624
              ],
              [
                2.064526134869023,
                41.513083054802905
              ],
              [
                2.064545850899371,
                41.51300619593956
              ],
              [
                2.0645868723651,
                41.51288281412924
              ],
              [
                2.064619934374488,
                41.51280152270715
              ],
              [
                2.064638996723759,
                41.512761495142925
              ],
              [
                2.064663796442519,
                41.51271694844467
              ],
              [
                2.064713437894732,
                41.512647419226944
              ],
              [
                2.064690313389413,
                41.512630428405174
              ],
              [
                2.064788123598353,
                41.51250049564355
              ],
              [
                2.064852886682152,
                41.51241272336294
              ],
              [
                2.064901127932999,
                41.51235053263837
              ],
              [
                2.064987000777367,
                41.51225642853413
              ],
              [
                2.065122443514556,
                41.51213103036962
              ],
              [
                2.065261610635639,
                41.51201410213321
              ],
              [
                2.065358862563631,
                41.51192779141035
              ],
              [
                2.065394618850883,
                41.51189209763348
              ],
              [
                2.065416531288105,
                41.51185577800375
              ],
              [
                2.065440252212907,
                41.5118061872872
              ],
              [
                2.065508045853578,
                41.511640850341934
              ],
              [
                2.065526840114727,
                41.511604694522305
              ],
              [
                2.065547671411308,
                41.511580219695084
              ],
              [
                2.065628548634082,
                41.51150422424362
              ],
              [
                2.065718420189394,
                41.511436912733885
              ],
              [
                2.065806400333078,
                41.51136778433862
              ],
              [
                2.065897788759815,
                41.51129328816536
              ],
              [
                2.065974043846436,
                41.511225343505494
              ],
              [
                2.066047252956288,
                41.511152537153144
              ],
              [
                2.066097356034365,
                41.51109840806395
              ],
              [
                2.066140466299158,
                41.51105270489173
              ],
              [
                2.066165048438488,
                41.51102063099835
              ],
              [
                2.066180387354688,
                41.510993921428685
              ],
              [
                2.06619232881856,
                41.51096863477769
              ],
              [
                2.066200898870933,
                41.51094295814705
              ],
              [
                2.066209085479898,
                41.51091038858423
              ],
              [
                2.066214140209463,
                41.510860750369076
              ],
              [
                2.066217624733093,
                41.51078607848648
              ],
              [
                2.066221522041015,
                41.510749847897095
              ],
              [
                2.066225943371528,
                41.510710720582274
              ],
              [
                2.066235665567429,
                41.51067199889967
              ],
              [
                2.066256098831508,
                41.51062647430211
              ],
              [
                2.066281314113553,
                41.510583889476266
              ],
              [
                2.066307898373331,
                41.510546755083375
              ],
              [
                2.066335374452154,
                41.510514704629244
              ],
              [
                2.066368322778532,
                41.510480573127374
              ],
              [
                2.06642342497689,
                41.510429605178466
              ],
              [
                2.066454483399068,
                41.51040414964503
              ],
              [
                2.066495701139123,
                41.51037350318208
              ],
              [
                2.066546554597263,
                41.51034359402724
              ],
              [
                2.066592981244115,
                41.51031661519303
              ],
              [
                2.066638168283689,
                41.510284352956596
              ],
              [
                2.066660529137608,
                41.51025388307934
              ],
              [
                2.066677638411877,
                41.510222711441315
              ],
              [
                2.066683834520682,
                41.51018815546487
              ],
              [
                2.066678494583896,
                41.510163063841574
              ],
              [
                2.066662703581511,
                41.5101329437124
              ],
              [
                2.066641180054126,
                41.51010508417041
              ],
              [
                2.066601427513915,
                41.51006422303509
              ],
              [
                2.066566902910715,
                41.51002571137117
              ],
              [
                2.066539826700128,
                41.509987589695456
              ],
              [
                2.066518464126943,
                41.50994852560929
              ],
              [
                2.066507076335355,
                41.50991712284136
              ],
              [
                2.06650302334887,
                41.50989401914683
              ],
              [
                2.066502077124619,
                41.509868303987666
              ],
              [
                2.0665074169531,
                41.50980177150934
              ],
              [
                2.066516678848927,
                41.50973691875907
              ],
              [
                2.06652883931415,
                41.5096839545114
              ],
              [
                2.066543912541355,
                41.509641890131405
              ],
              [
                2.066574585695021,
                41.50958215478923
              ],
              [
                2.066600161872859,
                41.50954149392115
              ],
              [
                2.066633205236595,
                41.509499904859325
              ],
              [
                2.066669736941777,
                41.50945966241084
              ],
              [
                2.066709342221183,
                41.50941911529291
              ],
              [
                2.066743096735157,
                41.50938906737606
              ],
              [
                2.066801205104378,
                41.50934240819313
              ],
              [
                2.066845028826939,
                41.50931343064479
              ],
              [
                2.066890997280168,
                41.50928776630097
              ],
              [
                2.066955841047773,
                41.509260607056554
              ],
              [
                2.067016135152968,
                41.50924494630223
              ],
              [
                2.067082496071559,
                41.50923427844411
              ],
              [
                2.067261661101856,
                41.50921529653739
              ],
              [
                2.067340721704472,
                41.509205720208165
              ],
              [
                2.06744216489769,
                41.509194677283766
              ],
              [
                2.067554101576498,
                41.50918569679106
              ],
              [
                2.067614692125288,
                41.50917992561936
              ],
              [
                2.067694186323565,
                41.509170682142894
              ],
              [
                2.067754371508228,
                41.50916260053139
              ],
              [
                2.067824244242632,
                41.50915163110908
              ],
              [
                2.067931504713681,
                41.50913239529248
              ],
              [
                2.068048014260391,
                41.50911026802665
              ],
              [
                2.068124095484632,
                41.509094404950254
              ],
              [
                2.068253299922373,
                41.509073698603345
              ],
              [
                2.068320970985708,
                41.50906337021964
              ],
              [
                2.068474372857396,
                41.50903692701788
              ],
              [
                2.068588166629245,
                41.50902070971873
              ],
              [
                2.068694992568041,
                41.509009083216036
              ],
              [
                2.068756751203241,
                41.50900291298762
              ],
              [
                2.068815318535793,
                41.50900271989301
              ],
              [
                2.068860085911593,
                41.50900575010815
              ],
              [
                2.068900393221556,
                41.50901041171809
              ],
              [
                2.068948108383248,
                41.50902447122788
              ],
              [
                2.069004238019746,
                41.50903959928709
              ],
              [
                2.069057367371988,
                41.509047366062504
              ],
              [
                2.069108836828093,
                41.50904711540167
              ],
              [
                2.069159094762357,
                41.509038517434014
              ],
              [
                2.069198710581914,
                41.50902949987172
              ],
              [
                2.069233084097069,
                41.50901477040811
              ],
              [
                2.069269422492297,
                41.50899316691399
              ],
              [
                2.06930556327539,
                41.50896078441329
              ],
              [
                2.069392954493418,
                41.5088717896004
              ],
              [
                2.069442899785666,
                41.50882040701801
              ],
              [
                2.069497346563105,
                41.50876967731512
              ],
              [
                2.069553248164661,
                41.508731905959685
              ],
              [
                2.069633619562163,
                41.50867491248102
              ],
              [
                2.069699392691569,
                41.50863506308812
              ],
              [
                2.069781258475805,
                41.50858825392294
              ],
              [
                2.069849857575465,
                41.508551509811824
              ],
              [
                2.069933239845649,
                41.508513343868835
              ],
              [
                2.070015722608137,
                41.50848071914441
              ],
              [
                2.070075067127073,
                41.50846023750395
              ],
              [
                2.070191551639035,
                41.50843004516355
              ],
              [
                2.070289937314057,
                41.50840371377945
              ],
              [
                2.070347632734709,
                41.508383835180844
              ],
              [
                2.070402925204732,
                41.50835992985832
              ],
              [
                2.070462460740913,
                41.50832725581638
              ],
              [
                2.070504348849941,
                41.508285126296826
              ],
              [
                2.070569657059669,
                41.50820071806305
              ],
              [
                2.070663150646928,
                41.50804466873846
              ],
              [
                2.070729999851799,
                41.50792842196895
              ],
              [
                2.070802069297651,
                41.50775096560424
              ],
              [
                2.070842355866357,
                41.50766880524569
              ],
              [
                2.070880972629023,
                41.50762746586018
              ],
              [
                2.071036467190655,
                41.50746619992563
              ],
              [
                2.071147576752037,
                41.5073767015457
              ],
              [
                2.071585688918487,
                41.507166987658536
              ],
              [
                2.071696864404645,
                41.50711730707255
              ],
              [
                2.071977724325246,
                41.506987264168394
              ],
              [
                2.072103015315935,
                41.50693280903848
              ],
              [
                2.072200987719558,
                41.50690759952047
              ],
              [
                2.072317190146458,
                41.50689755874361
              ],
              [
                2.072482253260686,
                41.5068928062199
              ],
              [
                2.072608045329922,
                41.50689429047942
              ],
              [
                2.0727524791817,
                41.50690533521087
              ],
              [
                2.072848068797542,
                41.50691786835376
              ],
              [
                2.072947457361323,
                41.50693915821257
              ],
              [
                2.072994088349964,
                41.506952940919184
              ],
              [
                2.073072575446834,
                41.50697613926993
              ],
              [
                2.073201296499015,
                41.50701418506798
              ],
              [
                2.073375338292827,
                41.507077386710705
              ],
              [
                2.073489295410121,
                41.50711876895901
              ],
              [
                2.073579764617101,
                41.50713925912014
              ],
              [
                2.07371345893679,
                41.50715727400099
              ],
              [
                2.073842933070368,
                41.50716396227214
              ],
              [
                2.073973685566393,
                41.507165208527994
              ],
              [
                2.074242005793204,
                41.507139412434626
              ],
              [
                2.074480371435168,
                41.50711649560792
              ],
              [
                2.074600882799725,
                41.507027805974076
              ],
              [
                2.075183555294255,
                41.50659898629743
              ],
              [
                2.075178482758769,
                41.50652688793939
              ],
              [
                2.075176108212541,
                41.50646510121462
              ],
              [
                2.075177505556857,
                41.50642413818029
              ],
              [
                2.075181271490179,
                41.50638808515002
              ],
              [
                2.075191452229594,
                41.50635881213009
              ],
              [
                2.075206511627791,
                41.50632957831261
              ],
              [
                2.075233008324862,
                41.50627497182418
              ],
              [
                2.075249640681239,
                41.50623193882677
              ],
              [
                2.075266564464668,
                41.50616883086864
              ],
              [
                2.075279252266987,
                41.506121747107855
              ],
              [
                2.075301968085922,
                41.506050307980345
              ],
              [
                2.075313762491535,
                41.50596029268655
              ],
              [
                2.075325646668156,
                41.50586396128271
              ],
              [
                2.075335270919185,
                41.50577867179851
              ],
              [
                2.075340150422743,
                41.50573128749835
              ],
              [
                2.075342514713086,
                41.505689390060525
              ],
              [
                2.075345887762206,
                41.50565601443981
              ],
              [
                2.075344302707353,
                41.505631308154896
              ],
              [
                2.075341049219047,
                41.50558843422426
              ],
              [
                2.075336942461769,
                41.50553756395041
              ],
              [
                2.075319755622706,
                41.50545536472944
              ],
              [
                2.075314364355171,
                41.50542699791397
              ],
              [
                2.07530525018907,
                41.50538843643186
              ],
              [
                2.075294092397578,
                41.50535784351215
              ],
              [
                2.07528768022769,
                41.505333102943446
              ],
              [
                2.075278343754083,
                41.50531051504447
              ],
              [
                2.075269930468648,
                41.505290837619896
              ],
              [
                2.075264307260652,
                41.5052784479129
              ],
              [
                2.075259623586523,
                41.505268240120444
              ],
              [
                2.075257069910036,
                41.50526227274619
              ],
              [
                2.075250261656957,
                41.505247106695634
              ],
              [
                2.075239809055664,
                41.50523467367817
              ],
              [
                2.075214331659094,
                41.50519235165523
              ],
              [
                2.075179557616532,
                41.505123804885585
              ],
              [
                2.075145058074696,
                41.50503638188043
              ],
              [
                2.075106735002042,
                41.50494601877352
              ],
              [
                2.07507389841012,
                41.50487749294419
              ],
              [
                2.075064658201019,
                41.50484764050007
              ],
              [
                2.075059298024025,
                41.50481709865359
              ],
              [
                2.075057984026751,
                41.50477351070448
              ],
              [
                2.075061916070864,
                41.504700920830324
              ],
              [
                2.075067746000165,
                41.5046305259784
              ],
              [
                2.075067680029297,
                41.50456734273625
              ],
              [
                2.075066612677099,
                41.50450632761292
              ],
              [
                2.075066491004852,
                41.50437923882125
              ],
              [
                2.075065990058877,
                41.50434655625498
              ],
              [
                2.07506183867597,
                41.50429859046181
              ],
              [
                2.075054293036482,
                41.50421791884786
              ],
              [
                2.075047061233661,
                41.504183002414706
              ],
              [
                2.075020185382006,
                41.504102901428205
              ],
              [
                2.075006367325174,
                41.504055586629356
              ],
              [
                2.074995488752521,
                41.504005386992205
              ],
              [
                2.074990194989305,
                41.503969761042136
              ],
              [
                2.074987963833272,
                41.50392326625945
              ],
              [
                2.0749875098456,
                41.50388694781444
              ],
              [
                2.074990810721555,
                41.50385865174046
              ],
              [
                2.074999409291526,
                41.503830405451836
              ],
              [
                2.075009968436618,
                41.50380786394114
              ],
              [
                2.075019259630204,
                41.50378938444627
              ],
              [
                2.075033991780869,
                41.50376913730899
              ],
              [
                2.075044522757239,
                41.503742677385766
              ],
              [
                2.075052203634268,
                41.50370346721746
              ],
              [
                2.075064295131945,
                41.50365953212922
              ],
              [
                2.075069569987115,
                41.50362057734542
              ],
              [
                2.075076999774252,
                41.50357374496684
              ],
              [
                2.075091144876867,
                41.50351388883271
              ],
              [
                2.075115310953976,
                41.50345036888735
              ],
              [
                2.075158363136867,
                41.503344523100566
              ],
              [
                2.07520332908951,
                41.50322120496753
              ],
              [
                2.075234481561504,
                41.50313400324915
              ],
              [
                2.075266025896376,
                41.50301931884032
              ],
              [
                2.07527856223256,
                41.50295570630912
              ],
              [
                2.07528761656699,
                41.50290330783169
              ],
              [
                2.07529320422615,
                41.50286087782008
              ],
              [
                2.075298269251504,
                41.502738486548715
              ],
              [
                2.075302819256807,
                41.50265231856994
              ],
              [
                2.075311839203728,
                41.50260241844152
              ],
              [
                2.075319244741691,
                41.502548758296356
              ],
              [
                2.075328442240018,
                41.50248636734247
              ],
              [
                2.075330587026524,
                41.50245265126674
              ],
              [
                2.075331279595781,
                41.50240393624581
              ],
              [
                2.07533782649859,
                41.50232049100383
              ],
              [
                2.075315306845504,
                41.502234623447244
              ],
              [
                2.075292273692165,
                41.502184456771126
              ],
              [
                2.075264666877553,
                41.50212175568561
              ],
              [
                2.075192059715891,
                41.5020267755593
              ],
              [
                2.075043067642871,
                41.50184149112863
              ],
              [
                2.075013507174255,
                41.50179560784387
              ],
              [
                2.074988247251096,
                41.501756399740046
              ],
              [
                2.074955266332033,
                41.50169375896692
              ],
              [
                2.074953868481307,
                41.501601566823666
              ],
              [
                2.074945060891321,
                41.50155329335957
              ],
              [
                2.074938769227227,
                41.50149433491752
              ],
              [
                2.074944687071635,
                41.501412267253166
              ],
              [
                2.07493214364328,
                41.501292558229515
              ],
              [
                2.074929741973479,
                41.50116530692527
              ],
              [
                2.074940659307435,
                41.50110027985837
              ],
              [
                2.074934887626474,
                41.50103761817816
              ],
              [
                2.074928868935944,
                41.50099249356607
              ],
              [
                2.074936027217269,
                41.50095749010843
              ],
              [
                2.074963389051785,
                41.50090762032581
              ],
              [
                2.074984263202869,
                41.50084517821616
              ],
              [
                2.074998125094648,
                41.50080772549886
              ],
              [
                2.075039199085772,
                41.500730416112944
              ],
              [
                2.075100257879444,
                41.50065327272349
              ],
              [
                2.075151009641371,
                41.500598582791284
              ],
              [
                2.075198460500499,
                41.500541362276
              ],
              [
                2.075242900084666,
                41.50046157672264
              ],
              [
                2.075227880826323,
                41.50034625690139
              ],
              [
                2.075218887683849,
                41.500276058135796
              ],
              [
                2.075195157049921,
                41.50014842735689
              ],
              [
                2.075165967609542,
                41.500049633781934
              ],
              [
                2.075119632635351,
                41.499927704018276
              ],
              [
                2.074992611604909,
                41.49955547340697
              ],
              [
                2.074886258656171,
                41.49930417896039
              ],
              [
                2.074701579570875,
                41.49890260252821
              ],
              [
                2.074644421496378,
                41.49884299187878
              ],
              [
                2.07465786940494,
                41.49871376294032
              ],
              [
                2.074691389944669,
                41.49865117123404
              ],
              [
                2.074733171492437,
                41.49858098430238
              ],
              [
                2.07476482978447,
                41.498506113228665
              ],
              [
                2.074777824074526,
                41.498452556558
              ],
              [
                2.074786679837894,
                41.498403569358246
              ],
              [
                2.074791500170463,
                41.498351482722484
              ],
              [
                2.074792241528364,
                41.49829935879158
              ],
              [
                2.074789165430161,
                41.49822881121464
              ],
              [
                2.074782337411446,
                41.49813523327088
              ],
              [
                2.074771305546351,
                41.49805082161149
              ],
              [
                2.074764455713761,
                41.497958780138184
              ],
              [
                2.074757605975062,
                41.497866733259535
              ],
              [
                2.074744182792854,
                41.497806834720635
              ],
              [
                2.074722280584997,
                41.49776986371357
              ],
              [
                2.074666037087546,
                41.49770961549391
              ],
              [
                2.074615778284908,
                41.497658618151
              ],
              [
                2.074571422917691,
                41.49762300232621
              ],
              [
                2.074492536162708,
                41.497577903315
              ],
              [
                2.07442388034544,
                41.49752982493931
              ],
              [
                2.074369528256416,
                41.49748032851651
              ],
              [
                2.074333630567745,
                41.4974233116605
              ],
              [
                2.074293111055253,
                41.49738084047849
              ],
              [
                2.074251549408625,
                41.49732867802419
              ],
              [
                2.074217471120818,
                41.49727936802188
              ],
              [
                2.078872522386001,
                41.49499148683011
              ],
              [
                2.082053985823075,
                41.488921693913284
              ],
              [
                2.083721448685895,
                41.487838375377734
              ],
              [
                2.08870473552895,
                41.48460017200715
              ],
              [
                2.08855086848036,
                41.48453777678294
              ],
              [
                2.088382373596459,
                41.484466678117165
              ],
              [
                2.088146391104203,
                41.484373578547284
              ]
            ]
          ]
        ]
      },
      "properties": {
        "name": "Volpelleres",
        "code": "CB02",
        "updated_at": "2024-04-15",
        "url": "https://santcugat.cat/web/consells-de-barri"
      }
    },
    {
      "type": "Feature",
      "geometry": {
        "type": "MultiPolygon",
        "coordinates": [
          [
            [
              [
                2.090044192721006,
                41.455772751722776
              ],
              [
                2.090047795718319,
                41.45575948696424
              ],
              [
                2.09011067321992,
                41.45552799686452
              ],
              [
                2.090272159305036,
                41.455252340834036
              ],
              [
                2.09029654383163,
                41.455190553323256
              ],
              [
                2.090359317093103,
                41.45503149271209
              ],
              [
                2.090320046413582,
                41.45483337096041
              ],
              [
                2.090165022866141,
                41.454644638812475
              ],
              [
                2.089956176480025,
                41.454548040963864
              ],
              [
                2.089756637787451,
                41.45453855480649
              ],
              [
                2.089441391615156,
                41.454536061590765
              ],
              [
                2.089294494750194,
                41.45451907352432
              ],
              [
                2.089190293622341,
                41.454454945115785
              ],
              [
                2.089140183962878,
                41.45428048068634
              ],
              [
                2.089196109703439,
                41.45401071327913
              ],
              [
                2.089244852565124,
                41.453892736683805
              ],
              [
                2.089298147205241,
                41.45376374249599
              ],
              [
                2.089269443399046,
                41.45376306466824
              ],
              [
                2.0892623479974,
                41.453732770698664
              ],
              [
                2.089262438666349,
                41.45372799749548
              ],
              [
                2.089259141181235,
                41.45372321549974
              ],
              [
                2.089237439462647,
                41.45374171613704
              ],
              [
                2.089223913686022,
                41.453740618307826
              ],
              [
                2.089216883828843,
                41.453729618698
              ],
              [
                2.089189580027936,
                41.45373005119636
              ],
              [
                2.089171269742302,
                41.45371920553151
              ],
              [
                2.089150704628923,
                41.45371378248803
              ],
              [
                2.089133035376932,
                41.4537016178018
              ],
              [
                2.089129439974266,
                41.453660767825305
              ],
              [
                2.0889697554134,
                41.45357758959295
              ],
              [
                2.088961417877814,
                41.45357324638472
              ],
              [
                2.088949505862251,
                41.45355606507536
              ],
              [
                2.088939572453878,
                41.453530099196826
              ],
              [
                2.088938622925796,
                41.45349868288615
              ],
              [
                2.088895133455456,
                41.45348018877578
              ],
              [
                2.088851414464004,
                41.45348667034286
              ],
              [
                2.088839451224046,
                41.45347144322212
              ],
              [
                2.08880807751551,
                41.45348894846524
              ],
              [
                2.088783075399437,
                41.453479761171025
              ],
              [
                2.088778226646763,
                41.453460915344394
              ],
              [
                2.088719590452019,
                41.45340742462144
              ],
              [
                2.088702826280543,
                41.453397329727146
              ],
              [
                2.088690472702624,
                41.45338347763223
              ],
              [
                2.08859589767431,
                41.453369154727284
              ],
              [
                2.08856369453343,
                41.45334239098403
              ],
              [
                2.088373666645966,
                41.45326012590566
              ],
              [
                2.08832791036745,
                41.45326760897579
              ],
              [
                2.088310128647084,
                41.45324405778336
              ],
              [
                2.088297706095615,
                41.453234907100594
              ],
              [
                2.088290442442734,
                41.45322266256006
              ],
              [
                2.088113064337245,
                41.45314167720817
              ],
              [
                2.088062397261654,
                41.45312108124442
              ],
              [
                2.088048759826591,
                41.45311265027424
              ],
              [
                2.087976729671203,
                41.45307943689824
              ],
              [
                2.087962348136785,
                41.45308388970569
              ],
              [
                2.087947491003473,
                41.45307271090622
              ],
              [
                2.087933949717174,
                41.45305990318532
              ],
              [
                2.087902174968797,
                41.45304704106558
              ],
              [
                2.087884254023947,
                41.4530289383155
              ],
              [
                2.087840872346244,
                41.45300278837213
              ],
              [
                2.087797701538494,
                41.45297526194914
              ],
              [
                2.08777707768327,
                41.452968928449344
              ],
              [
                2.087750947426842,
                41.45296423568969
              ],
              [
                2.087740156279892,
                41.452954251041845
              ],
              [
                2.087734216176291,
                41.452927010632955
              ],
              [
                2.087715911389699,
                41.45291751588661
              ],
              [
                2.087682777436475,
                41.452917937853336
              ],
              [
                2.087664416731819,
                41.45290645202261
              ],
              [
                2.087610904475865,
                41.4528975429278
              ],
              [
                2.087604609825076,
                41.45288109056327
              ],
              [
                2.087514335113944,
                41.45283590547873
              ],
              [
                2.087376920196018,
                41.45280044389714
              ],
              [
                2.0873273505748,
                41.45280239281932
              ],
              [
                2.087266928746462,
                41.45283376390928
              ],
              [
                2.087213793594341,
                41.45284183004855
              ],
              [
                2.087162261949372,
                41.45285533535688
              ],
              [
                2.08705397472537,
                41.45289005581881
              ],
              [
                2.086975000656612,
                41.4529995356326
              ],
              [
                2.086876565433384,
                41.45306797739981
              ],
              [
                2.086787600712133,
                41.45311067854499
              ],
              [
                2.086553337484129,
                41.453090697420684
              ],
              [
                2.086408290123862,
                41.45309144830958
              ],
              [
                2.086321854269597,
                41.45310355904257
              ],
              [
                2.086277923117292,
                41.45308072462662
              ],
              [
                2.086226287396102,
                41.45307061473338
              ],
              [
                2.086202360044139,
                41.453062185542734
              ],
              [
                2.086192259318801,
                41.45305638556677
              ],
              [
                2.086149856490302,
                41.4530523021622
              ],
              [
                2.08612044879257,
                41.453053242166725
              ],
              [
                2.086061442008122,
                41.45306407974092
              ],
              [
                2.085969096872169,
                41.453065152927984
              ],
              [
                2.085865203729513,
                41.45308292521421
              ],
              [
                2.085718538698654,
                41.45309793621908
              ],
              [
                2.085653798300837,
                41.45310179725266
              ],
              [
                2.085612928613914,
                41.45311377881572
              ],
              [
                2.085549193464147,
                41.45312530511748
              ],
              [
                2.085499868140423,
                41.453123311765495
              ],
              [
                2.085460437055861,
                41.45307970378702
              ],
              [
                2.085465230189726,
                41.45305007527327
              ],
              [
                2.085457438508711,
                41.453032267273976
              ],
              [
                2.085411671894724,
                41.45298508996852
              ],
              [
                2.085385725642776,
                41.45295187422527
              ],
              [
                2.085355545461231,
                41.45290557771861
              ],
              [
                2.08527864886641,
                41.45290507850732
              ],
              [
                2.085208380328024,
                41.45291805311551
              ],
              [
                2.085090903251057,
                41.45292135135799
              ],
              [
                2.084988251966177,
                41.45291480843738
              ],
              [
                2.084900477042853,
                41.45290151351524
              ],
              [
                2.084847416175065,
                41.45287593156827
              ],
              [
                2.084754641659353,
                41.45282421136893
              ],
              [
                2.084747039731867,
                41.452792794471925
              ],
              [
                2.084748934618367,
                41.45274191012798
              ],
              [
                2.084630559943297,
                41.4527148114019
              ],
              [
                2.084527071628993,
                41.45269762198219
              ],
              [
                2.084469418075205,
                41.452691227582115
              ],
              [
                2.084386212768728,
                41.45266200333738
              ],
              [
                2.084329270822908,
                41.45265609191918
              ],
              [
                2.084315197353645,
                41.45262839031209
              ],
              [
                2.084239779796495,
                41.4525706654517
              ],
              [
                2.084262240276823,
                41.45251818901163
              ],
              [
                2.084234123157442,
                41.45251188749641
              ],
              [
                2.084147815023847,
                41.45247940485418
              ],
              [
                2.084059956073236,
                41.45248528581126
              ],
              [
                2.083987721114062,
                41.45251885806786
              ],
              [
                2.083969121985544,
                41.45252268232584
              ],
              [
                2.083950605637695,
                41.45249507142074
              ],
              [
                2.083838929495889,
                41.45242333047738
              ],
              [
                2.083748067711343,
                41.45242438174812
              ],
              [
                2.083701665774482,
                41.452405194969046
              ],
              [
                2.083571450266553,
                41.45238637013884
              ],
              [
                2.083539973825883,
                41.45240873243949
              ],
              [
                2.083440942897574,
                41.45244572159485
              ],
              [
                2.083330000193901,
                41.452497554384
              ],
              [
                2.083180308574905,
                41.452617603275556
              ],
              [
                2.083091728635252,
                41.45266211823905
              ],
              [
                2.08292169211994,
                41.45271559047316
              ],
              [
                2.082893072143729,
                41.45273939378676
              ],
              [
                2.082890999540003,
                41.45276219795887
              ],
              [
                2.079534244753848,
                41.45370413036924
              ],
              [
                2.078455056886408,
                41.45400632693755
              ],
              [
                2.07758546181441,
                41.45424990945684
              ],
              [
                2.077519990862617,
                41.4542722638311
              ],
              [
                2.077416221303996,
                41.45431123521276
              ],
              [
                2.077359654471011,
                41.454337947765545
              ],
              [
                2.077305102796479,
                41.45436692829951
              ],
              [
                2.077225848318528,
                41.45441567228735
              ],
              [
                2.077158594592051,
                41.45446386138191
              ],
              [
                2.077107590781359,
                41.454506066094794
              ],
              [
                2.077060597638138,
                41.45455081602307
              ],
              [
                2.077010159917403,
                41.45460713078923
              ],
              [
                2.076956504992345,
                41.45468105789912
              ],
              [
                2.076713502451712,
                41.45505488525132
              ],
              [
                2.076488716363423,
                41.45540123479103
              ],
              [
                2.076461512100499,
                41.45544133206836
              ],
              [
                2.076446150841235,
                41.45545820565672
              ],
              [
                2.076428461787845,
                41.45547374547591
              ],
              [
                2.07640595706161,
                41.45548946280327
              ],
              [
                2.076362302506348,
                41.45551063090637
              ],
              [
                2.076325529357725,
                41.455522310607634
              ],
              [
                2.075531251305218,
                41.45567033914196
              ],
              [
                2.075453560864654,
                41.455689548972536
              ],
              [
                2.075414708845173,
                41.455703846656704
              ],
              [
                2.075377106130851,
                41.455721225885284
              ],
              [
                2.075341291954562,
                41.45574165496469
              ],
              [
                2.075287319779213,
                41.45578195245305
              ],
              [
                2.075243332702694,
                41.45582817597737
              ],
              [
                2.075212031548327,
                41.45587562739733
              ],
              [
                2.07519571803397,
                41.45591146269525
              ],
              [
                2.07518559545067,
                41.4559447086038
              ],
              [
                2.075173080887585,
                41.456021978370565
              ],
              [
                2.075120719203567,
                41.45637747780078
              ],
              [
                2.075126545515171,
                41.45647265915992
              ],
              [
                2.074733340951057,
                41.45639590809538
              ],
              [
                2.074494248127305,
                41.456379575955786
              ],
              [
                2.074281428779747,
                41.45634985050189
              ],
              [
                2.073934143186813,
                41.45627859906611
              ],
              [
                2.073855403931183,
                41.4562400288856
              ],
              [
                2.073732090146692,
                41.456406881708446
              ],
              [
                2.073588798295168,
                41.45660535931871
              ],
              [
                2.073757606967352,
                41.45666864357428
              ],
              [
                2.073919874604696,
                41.45675414886085
              ],
              [
                2.073795064552617,
                41.4568771237237
              ],
              [
                2.073654662151278,
                41.45702221984748
              ],
              [
                2.073618336442598,
                41.457058335369524
              ],
              [
                2.073559627638382,
                41.457114663810984
              ],
              [
                2.073680601424107,
                41.457220485406445
              ],
              [
                2.0737574202176,
                41.45728880380574
              ],
              [
                2.073903334785194,
                41.457432263084655
              ],
              [
                2.074017752540828,
                41.45764546396834
              ],
              [
                2.074059377174209,
                41.457800706124885
              ],
              [
                2.074061847400498,
                41.45785847327231
              ],
              [
                2.073933113289252,
                41.457868218027166
              ],
              [
                2.073704648083952,
                41.45788551173987
              ],
              [
                2.073591415521045,
                41.457928421421165
              ],
              [
                2.073475703610079,
                41.45796296118691
              ],
              [
                2.073075828976461,
                41.45808473734656
              ],
              [
                2.07273695163594,
                41.45812956700026
              ],
              [
                2.072687115656665,
                41.45813140837253
              ],
              [
                2.072567759087795,
                41.45813762566286
              ],
              [
                2.072338966218801,
                41.458396816068046
              ],
              [
                2.071985833796191,
                41.45834866248113
              ],
              [
                2.071971870085591,
                41.45840473346634
              ],
              [
                2.07194864884086,
                41.45844875449382
              ],
              [
                2.071916839689695,
                41.45848961223848
              ],
              [
                2.071840870958307,
                41.458555330081126
              ],
              [
                2.07161245402064,
                41.45872230444513
              ],
              [
                2.071571575433569,
                41.45875553625135
              ],
              [
                2.071550501450557,
                41.4587820281299
              ],
              [
                2.071539330492634,
                41.45880215960284
              ],
              [
                2.071545964529223,
                41.45888444152094
              ],
              [
                2.071557968671244,
                41.459003273678235
              ],
              [
                2.071590267298701,
                41.4592339070307
              ],
              [
                2.071505990846401,
                41.45929729678108
              ],
              [
                2.071499172374374,
                41.45930764422104
              ],
              [
                2.071480237048316,
                41.45936858064106
              ],
              [
                2.071467432947823,
                41.459394914025296
              ],
              [
                2.071450986243772,
                41.45947644679279
              ],
              [
                2.071434539497043,
                41.45955797955666
              ],
              [
                2.071402837957288,
                41.45963658345464
              ],
              [
                2.071371161681177,
                41.459687372749
              ],
              [
                2.071322864965101,
                41.45976677050085
              ],
              [
                2.071306340796742,
                41.45979775377523
              ],
              [
                2.071294896346998,
                41.45982860545633
              ],
              [
                2.071290317183245,
                41.459846763681426
              ],
              [
                2.071270622887408,
                41.45995659392722
              ],
              [
                2.071278493788685,
                41.45997957929907
              ],
              [
                2.071291085582655,
                41.460006755332756
              ],
              [
                2.071311577909177,
                41.460039422972415
              ],
              [
                2.071450230805447,
                41.460121202647024
              ],
              [
                2.071591907937323,
                41.46014624202535
              ],
              [
                2.071759887210889,
                41.460156478029894
              ],
              [
                2.071842624000161,
                41.46020329841487
              ],
              [
                2.071840524480575,
                41.460264514277085
              ],
              [
                2.071845117285667,
                41.46029596905861
              ],
              [
                2.07187391306184,
                41.46035993747956
              ],
              [
                2.071889349089969,
                41.4603816706499
              ],
              [
                2.071898217766942,
                41.4603912087548
              ],
              [
                2.071932221340605,
                41.46042665690423
              ],
              [
                2.071992046612254,
                41.4604843991621
              ],
              [
                2.072006776005467,
                41.46049522318418
              ],
              [
                2.072083035879573,
                41.46055217199813
              ],
              [
                2.072094712508617,
                41.460564154000295
              ],
              [
                2.072109908658953,
                41.460591807559986
              ],
              [
                2.072106850812055,
                41.46063246925235
              ],
              [
                2.072086609065952,
                41.460662291652206
              ],
              [
                2.072056220936507,
                41.46068317799732
              ],
              [
                2.071899179975505,
                41.46077746219606
              ],
              [
                2.071797578957875,
                41.46085404787924
              ],
              [
                2.071695977701148,
                41.46093063346891
              ],
              [
                2.071432657796077,
                41.4610653947369
              ],
              [
                2.071280523193359,
                41.461144224965686
              ],
              [
                2.071036916138063,
                41.46125804908228
              ],
              [
                2.070986951322896,
                41.461273630526016
              ],
              [
                2.07089895549485,
                41.461335895116676
              ],
              [
                2.070714992714515,
                41.461199325585156
              ],
              [
                2.070443915819319,
                41.46100061377947
              ],
              [
                2.070259284286599,
                41.46086121963126
              ],
              [
                2.070167481769367,
                41.46079648065084
              ],
              [
                2.070040691533265,
                41.46073183388275
              ],
              [
                2.069879201393319,
                41.46085563594566
              ],
              [
                2.069805514365161,
                41.46089916765105
              ],
              [
                2.069770554687034,
                41.46091981828373
              ],
              [
                2.069598810517434,
                41.461021312511626
              ],
              [
                2.069555639230748,
                41.46105182217509
              ],
              [
                2.069514480885182,
                41.46108090922679
              ],
              [
                2.069520897082294,
                41.461085743021556
              ],
              [
                2.069301418397534,
                41.461227816485746
              ],
              [
                2.069183641538957,
                41.46112390978896
              ],
              [
                2.069044217706275,
                41.461001452842254
              ],
              [
                2.069018500939749,
                41.461014123301354
              ],
              [
                2.068970761007383,
                41.460959289661254
              ],
              [
                2.068765516638027,
                41.46073048127316
              ],
              [
                2.068582669260969,
                41.46080031329018
              ],
              [
                2.068505535357846,
                41.460829440491494
              ],
              [
                2.068205746873296,
                41.46094034244708
              ],
              [
                2.067897071668424,
                41.461058886928406
              ],
              [
                2.067814906749106,
                41.46109748473666
              ],
              [
                2.067619959765807,
                41.46118765496854
              ],
              [
                2.067579200944994,
                41.46120647940186
              ],
              [
                2.067474360980769,
                41.46125499463756
              ],
              [
                2.067419841016802,
                41.46128022396594
              ],
              [
                2.067272180301708,
                41.461348537483126
              ],
              [
                2.067171517277486,
                41.461390957166934
              ],
              [
                2.067178139710738,
                41.461389873675046
              ],
              [
                2.067007971194544,
                41.46145977212197
              ],
              [
                2.066787487501565,
                41.46155033743625
              ],
              [
                2.066507373611712,
                41.46165749672008
              ],
              [
                2.06646498638081,
                41.46139591198705
              ],
              [
                2.066273981371436,
                41.461322835149225
              ],
              [
                2.066064445340357,
                41.46139642790895
              ],
              [
                2.065928080110541,
                41.46114455598965
              ],
              [
                2.06588531808021,
                41.46116478182688
              ],
              [
                2.065514573890459,
                41.46114585527264
              ],
              [
                2.064919523102823,
                41.462420988273124
              ],
              [
                2.063921932800921,
                41.464293835225604
              ],
              [
                2.063824114818054,
                41.46530110402723
              ],
              [
                2.063777802406122,
                41.465777988472965
              ],
              [
                2.063992662566564,
                41.466476053131245
              ],
              [
                2.064518062306911,
                41.46818297462083
              ],
              [
                2.064640943205747,
                41.468838498024525
              ],
              [
                2.064687694039701,
                41.46883520037747
              ],
              [
                2.064824281127931,
                41.468826413483235
              ],
              [
                2.065534638642165,
                41.468780712243486
              ],
              [
                2.06770633943143,
                41.46875400648313
              ],
              [
                2.069293183484858,
                41.46875481454474
              ],
              [
                2.069923601347382,
                41.46880135317364
              ],
              [
                2.069985465233992,
                41.46880582251417
              ],
              [
                2.06998469630005,
                41.468815967052265
              ],
              [
                2.069981477436485,
                41.46885843345025
              ],
              [
                2.069815388606721,
                41.46982677947801
              ],
              [
                2.069513441465194,
                41.470492541375144
              ],
              [
                2.06944204647783,
                41.47065165729438
              ],
              [
                2.069245250887126,
                41.47109024549596
              ],
              [
                2.069138835765171,
                41.47128286305349
              ],
              [
                2.068088878220799,
                41.47318327929916
              ],
              [
                2.067953807806782,
                41.473571600840856
              ],
              [
                2.067957869306452,
                41.47397473109827
              ],
              [
                2.06825248397375,
                41.47458013208105
              ],
              [
                2.068484096285953,
                41.47504648922578
              ],
              [
                2.06874146574467,
                41.47552045466292
              ],
              [
                2.069157767965157,
                41.47628709123783
              ],
              [
                2.069192357790822,
                41.476898529077964
              ],
              [
                2.069142765863842,
                41.47770575762532
              ],
              [
                2.069061743794152,
                41.4779558077777
              ],
              [
                2.069161219982733,
                41.47800813411599
              ],
              [
                2.069271704752713,
                41.47811846240361
              ],
              [
                2.070009371280664,
                41.47796337638325
              ],
              [
                2.070995479939863,
                41.47777618030722
              ],
              [
                2.071316013923778,
                41.4777002056007
              ],
              [
                2.071695951982333,
                41.47757192451677
              ],
              [
                2.073920326651178,
                41.47657317375741
              ],
              [
                2.075017359031831,
                41.47603562675882
              ],
              [
                2.075434918928799,
                41.475707145041525
              ],
              [
                2.075436898972185,
                41.4757056146551
              ],
              [
                2.075733440381052,
                41.47547641496864
              ],
              [
                2.076074698530122,
                41.47521265030222
              ],
              [
                2.076157937013363,
                41.4751502397268
              ],
              [
                2.076116317791711,
                41.475181445022365
              ],
              [
                2.073435501800212,
                41.480137448939026
              ],
              [
                2.07380180434828,
                41.48014129350981
              ],
              [
                2.076653915865405,
                41.48025955348116
              ],
              [
                2.076509925763021,
                41.48074608926047
              ],
              [
                2.078912891550075,
                41.48094041204575
              ],
              [
                2.079505442964388,
                41.48104672644216
              ],
              [
                2.080138932338434,
                41.4811734116874
              ],
              [
                2.080896522305759,
                41.48135615536157
              ],
              [
                2.081597492150857,
                41.48155237010618
              ],
              [
                2.082862258069258,
                41.482039897552966
              ],
              [
                2.083361100802451,
                41.482237596243664
              ],
              [
                2.084162823040607,
                41.48259102428641
              ],
              [
                2.08523471668451,
                41.483048499473426
              ],
              [
                2.086004897880214,
                41.483384456927325
              ],
              [
                2.087797141842616,
                41.48421518333164
              ],
              [
                2.088146391104232,
                41.48437357854723
              ],
              [
                2.088382373596489,
                41.48446667811711
              ],
              [
                2.08855086848039,
                41.484537776782894
              ],
              [
                2.088704735528979,
                41.484600172007106
              ],
              [
                2.090210362445112,
                41.48362207263961
              ],
              [
                2.091357319491471,
                41.48262535302853
              ],
              [
                2.092136919555728,
                41.482149003662904
              ],
              [
                2.095046515059434,
                41.480371080100795
              ],
              [
                2.100271704376798,
                41.47542684163476
              ],
              [
                2.100313879068053,
                41.47538693053261
              ],
              [
                2.10062219829296,
                41.4751114267091
              ],
              [
                2.100984803020972,
                41.474757121736296
              ],
              [
                2.101655753700989,
                41.47407191381216
              ],
              [
                2.101964838222524,
                41.473681879051874
              ],
              [
                2.101177036883594,
                41.47268480954109
              ],
              [
                2.101272769166551,
                41.47253963363406
              ],
              [
                2.10145580415502,
                41.472285637908236
              ],
              [
                2.101624065513547,
                41.47206471185387
              ],
              [
                2.101828464494087,
                41.471815507649595
              ],
              [
                2.102140659194758,
                41.47146941966177
              ],
              [
                2.102351535340284,
                41.47125951419158
              ],
              [
                2.102694093717192,
                41.470946935700795
              ],
              [
                2.102894743252081,
                41.470778898055045
              ],
              [
                2.103785659385726,
                41.4701174536606
              ],
              [
                2.10387013405343,
                41.47005576827082
              ],
              [
                2.103406098354493,
                41.469592030701754
              ],
              [
                2.103209224068653,
                41.46936802526987
              ],
              [
                2.103093626862525,
                41.46887600863277
              ],
              [
                2.103043151744059,
                41.46871239256809
              ],
              [
                2.10328219423738,
                41.4685245054233
              ],
              [
                2.103686574732847,
                41.46818984679689
              ],
              [
                2.104224523008122,
                41.46770571433675
              ],
              [
                2.10453686232028,
                41.46739537900593
              ],
              [
                2.104690334953542,
                41.46721357549973
              ],
              [
                2.104913213843096,
                41.466949552201314
              ],
              [
                2.105030819029527,
                41.466788511670465
              ],
              [
                2.105091521070933,
                41.46668564601749
              ],
              [
                2.105186824209976,
                41.46650892876762
              ],
              [
                2.105278325924615,
                41.466331037926864
              ],
              [
                2.105348464524429,
                41.4661610194751
              ],
              [
                2.105413697504142,
                41.46597739006602
              ],
              [
                2.105452018932152,
                41.46587294859433
              ],
              [
                2.105517765069437,
                41.46561469433674
              ],
              [
                2.105552200523468,
                41.465456170721964
              ],
              [
                2.105579637594163,
                41.465294346803866
              ],
              [
                2.105600112027064,
                41.465159164910425
              ],
              [
                2.105615122189626,
                41.465004385904734
              ],
              [
                2.105623843729113,
                41.46476408298743
              ],
              [
                2.105616709611553,
                41.46456041451066
              ],
              [
                2.10559866659118,
                41.464384501190686
              ],
              [
                2.105565493161115,
                41.46419181287476
              ],
              [
                2.105520411326576,
                41.463998331166124
              ],
              [
                2.105452088570093,
                41.46375791907177
              ],
              [
                2.105384687229388,
                41.46357456139748
              ],
              [
                2.105310435167024,
                41.46339202410817
              ],
              [
                2.105055121404025,
                41.4626141102548
              ],
              [
                2.104689116682565,
                41.462401227136404
              ],
              [
                2.104271161885962,
                41.46213701312933
              ],
              [
                2.103663462051956,
                41.46171942816652
              ],
              [
                2.103383591169729,
                41.461521290121865
              ],
              [
                2.103146918532786,
                41.46135378227478
              ],
              [
                2.102742182171033,
                41.46105589503441
              ],
              [
                2.102219175211831,
                41.460706404216424
              ],
              [
                2.101913812217219,
                41.46052887290665
              ],
              [
                2.101602006768826,
                41.460359218760885
              ],
              [
                2.101129631726316,
                41.46012239042689
              ],
              [
                2.100829180250517,
                41.459997377002445
              ],
              [
                2.100482978281807,
                41.45986774904507
              ],
              [
                2.100091765699693,
                41.45974471170483
              ],
              [
                2.099512023284195,
                41.45958814273082
              ],
              [
                2.098953770915157,
                41.45945100866146
              ],
              [
                2.098611219801008,
                41.459373477126896
              ],
              [
                2.097912442887726,
                41.459257092231354
              ],
              [
                2.097368893165327,
                41.45918368939444
              ],
              [
                2.096217983694072,
                41.45905620892202
              ],
              [
                2.096095072364771,
                41.45903140870671
              ],
              [
                2.095991897254837,
                41.45900876761173
              ],
              [
                2.095799963490065,
                41.45896150515435
              ],
              [
                2.095627152713621,
                41.45890535067125
              ],
              [
                2.095367485206066,
                41.45880881240801
              ],
              [
                2.095093787876462,
                41.458707057806755
              ],
              [
                2.094930646144389,
                41.45864640484577
              ],
              [
                2.094237276151957,
                41.45835502051205
              ],
              [
                2.093836671326686,
                41.45814864941351
              ],
              [
                2.093472475302691,
                41.45800394284139
              ],
              [
                2.092929841463672,
                41.45787138155966
              ],
              [
                2.092587563732978,
                41.45770160905027
              ],
              [
                2.091867070844653,
                41.457151135633254
              ],
              [
                2.091737983297821,
                41.4571056289837
              ],
              [
                2.091535538931964,
                41.457009902288554
              ],
              [
                2.091445304061911,
                41.45690922705072
              ],
              [
                2.091410143174923,
                41.45680209252534
              ],
              [
                2.091294488814663,
                41.45655299543296
              ],
              [
                2.091170596881009,
                41.456565804689255
              ],
              [
                2.090848781483409,
                41.456568933660535
              ],
              [
                2.090675932852113,
                41.456442363454464
              ],
              [
                2.090260228193667,
                41.456106769069116
              ],
              [
                2.090104927682853,
                41.45593938221003
              ],
              [
                2.090044192721006,
                41.455772751722776
              ]
            ],
            [
              [
                2.101192653121001,
                41.460324573587314
              ],
              [
                2.10120859507994,
                41.46033840917629
              ],
              [
                2.101208615229615,
                41.46033842667193
              ],
              [
                2.101192653121001,
                41.460324573587314
              ]
            ]
          ]
        ]
      },
      "properties": {
        "name": "Centre",
        "code": "CB01",
        "updated_at": "2024-04-15",
        "url": "https://santcugat.cat/web/consells-de-barri"
      }
    }
  ]
}